,Year,Location,Experiment,Genotype,Species,PlantID_ReplicateNumber,Plot,Replicate,Test_Type,Tester_Name,Planting_Date,Testing_Date,line_raw_slope_Nm_rad,raw_data_file,Additional_Notes
79,2022,Newark,Density Study,LH82 x DK3IIH6,Maize,100_7,100,7,A,Jr,5/23/22,9/15/22,72.576599,100_7_09_15_2022_13_34_52.xlsx,NA
80,2022,Newark,Density Study,LH82 x DK3IIH6,Maize,100_8,100,8,A,Jr,5/23/22,9/15/22,56.844901,100_8_09_15_2022_13_33_26.xlsx,NA
117,2022,Newark,Density Study,LH82 x PHP02,Maize,103_3,103,3,A,Jr,5/23/22,9/15/22,119.99037,103_3_09_15_2022_13_21_09.xlsx,NA
118,2022,Newark,Density Study,LH82 x PHP02,Maize,103_4,103,4,A,Jr,5/23/22,9/15/22,105.065015,103_4_09_15_2022_13_25_15.xlsx,NA
119,2022,Newark,Density Study,LH82 x DK3IIH6,Maize,104_3,104,3,A,Jr,5/23/22,9/15/22,108.453462,104_3_09_15_2022_13_31_03.xlsx,NA
120,2022,Newark,Density Study,LH82 x DK3IIH6,Maize,104_4,104,4,A,Jr,5/23/22,9/15/22,127.970185,104_4_09_15_2022_13_28_33.xlsx,NA
121,2022,Newark,Density Study,LH82 x PHP02,Maize,107_5,107,5,A,Jr,5/23/22,9/15/22,83.823969,107_5_09_15_2022_15_20_21.xlsx,NA
122,2022,Newark,Density Study,LH82 x PHP02,Maize,107_6,107,6,A,Jr,5/23/22,9/15/22,102.1029,107_6_09_15_2022_15_21_32.xlsx,NA
123,2022,Newark,Density Study,LH82 x DK3IIH6,Maize,108_5,108,5,A,Jr,5/23/22,9/15/22,74.997578,108_5_09_15_2022_15_22_49.xlsx,NA
124,2022,Newark,Density Study,LH82 x DK3IIH6,Maize,108_6,108,6,A,Jr,5/23/22,9/15/22,94.60213,108_6_09_15_2022_15_24_28.xlsx,NA
201,2022,Newark,Density Study,LH82 x PHP02,Maize,111_6,111,6,A,Jr,5/23/22,9/15/22,67.135469,111_6_09_15_2022_15_30_04.xlsx,NA
202,2022,Newark,Density Study,LH82 x PHP02,Maize,111_7,111,7,A,Jr,5/23/22,9/15/22,84.239476,111_7_09_15_2022_15_31_13.xlsx,NA
224,2022,Newark,Density Study,LH82 x DK3IIH6,Maize,112_11,112,11,A,Jr,5/23/22,9/15/22,52.9623717,112_11_09_15_2022_15_26_31.xlsx,NA
225,2022,Newark,Density Study,LH82 x DK3IIH6,Maize,112_12,112,12,A,Jr,5/23/22,9/15/22,71.705092,112_12_09_15_2022_15_28_00.xlsx,NA
230,2022,Newark,Density Study,LH82 x PHP02,Maize,115_11,115,11,A,Jr,5/23/22,9/15/22,67.703787,115_11_09_15_2022_13_16_36.xlsx,NA
231,2022,Newark,Density Study,LH82 x PHP02,Maize,115_9,115,9,A,Jr,5/23/22,9/15/22,49.451233,115_9_09_15_2022_13_14_32.xlsx,NA
232,2022,Newark,Density Study,LH82 x DK3IIH6,Maize,116_10,116,10,A,Jr,5/23/22,9/15/22,55.2917472,116_10_09_15_2022_13_12_54.xlsx,NA
233,2022,Newark,Density Study,LH82 x DK3IIH6,Maize,116_9,116,9,A,Jr,5/23/22,9/15/22,65.6711749,116_9_09_15_2022_13_11_24.xlsx,NA
1661,2020,Newark,Lodging Hybrids,LH145 x DK3IIH6,Maize,225-1,225,1,A,jr,6/26/20,9/25/20,172.548286,225-1_09_25_2020_12_35_06.xls,NA
1662,2020,Newark,Lodging Hybrids,LH145 x DK3IIH6,Maize,225-1,225,1,B,jr,6/26/20,9/25/20,110.3148383,225-1_09_25_2020_12_35_42.xls,1WR
1670,2020,Newark,Lodging Hybrids,LH145 x DK3IIH6,Maize,225-2,225,2,A,jr,6/26/20,9/25/20,153.00224,225-2_09_25_2020_12_33_19.xls,NA
1671,2020,Newark,Lodging Hybrids,LH145 x DK3IIH6,Maize,225-2,225,2,B,jr,6/26/20,9/25/20,90.111937,225-2_09_25_2020_12_33_56.xls,1WR
1672,2020,Newark,Lodging Hybrids,LH145 x DK3IIH6,Maize,225-4,225,4,A,jr,6/26/20,9/25/20,152.636,225-4_09_25_2020_12_31_19.xls,NA
1673,2020,Newark,Lodging Hybrids,LH145 x DK3IIH6,Maize,225-4,225,4,B,jr,6/26/20,9/25/20,94.2167706,225-4_09_25_2020_12_32_01.xls,1WR
1674,2020,Newark,Lodging Hybrids,LH145 x DK3IIH6,Maize,225-6,225,6,A,jr,6/26/20,9/25/20,110.210478,225-6_09_25_2020_12_29_15.xls,NA
1675,2020,Newark,Lodging Hybrids,LH145 x DK3IIH6,Maize,225-6,225,6,B,jr,6/26/20,9/25/20,77.6378275,225-6_09_25_2020_12_29_48.xls,1 WR
1676,2020,Newark,Lodging Hybrids,LH145 x DK3IIH6,Maize,225-7,225,7,A,jr,6/26/20,9/25/20,133.259752,225-7_09_25_2020_12_26_51.xls,NA
1677,2020,Newark,Lodging Hybrids,LH145 x DK3IIH6,Maize,225-7,225,7,B,jr,6/26/20,9/25/20,88.5015166,225-7_09_25_2020_12_27_45.xls,1 WR
1678,2020,Newark,Lodging Hybrids,LH145 x DK3IIH6,Maize,225_10,225,10,A,jr,6/26/20,8/20/20,91.5279615,225_10_08_20_2020_11_32_46.xls,NA
1679,2020,Newark,Lodging Hybrids,LH145 x DK3IIH6,Maize,225_1,225,1,A,jr,6/26/20,8/20/20,110.615641,225_1_08_20_2020_11_44_29.xls,NA
1680,2020,Newark,Lodging Hybrids,LH145 x DK3IIH6,Maize,225_2,225,2,A,jr,6/26/20,8/20/20,116.316571,225_2_08_20_2020_11_43_00.xls,NA
1681,2020,Newark,Lodging Hybrids,LH145 x DK3IIH6,Maize,225_3,225,3,A,jr,6/26/20,8/20/20,8.72942126,225_3_08_20_2020_11_41_25.xls,small plant
1682,2020,Newark,Lodging Hybrids,LH145 x DK3IIH6,Maize,225_4,225,4,A,jr,6/26/20,8/20/20,111.7104,225_4_08_20_2020_11_39_23.xls,NA
1683,2020,Newark,Lodging Hybrids,LH145 x DK3IIH6,Maize,225_5,225,5,A,jr,6/26/20,8/20/20,75.9926201,225_5_08_20_2020_11_37_55.xls,slightly crooked stalk
1684,2020,Newark,Lodging Hybrids,LH145 x DK3IIH6,Maize,225_6,225,6,A,jr,6/26/20,8/20/20,85.024891,225_6_08_20_2020_11_36_26.xls,NA
1685,2020,Newark,Lodging Hybrids,LH145 x DK3IIH6,Maize,225_7,225,7,A,jr,6/26/20,8/20/20,107.014192,225_7_08_20_2020_11_34_53.xls,NA
1706,2020,Newark,Lodging Hybrids,LH82 x DK3IIH6,Maize,226-2,226,2,A,jr,6/26/20,9/25/20,137.777933,226-2_09_25_2020_12_37_01.xls,NA
1707,2020,Newark,Lodging Hybrids,LH82 x DK3IIH6,Maize,226-2,226,2,B,jr,6/26/20,9/25/20,56.6593871,226-2_09_25_2020_12_37_58.xls,2WR
1750,2020,Newark,Lodging Hybrids,LH82 x DK3IIH6,Maize,226-9,226,9,A,jr,6/26/20,9/25/20,109.351041,226-9_09_25_2020_12_39_33.xls,NA
1751,2020,Newark,Lodging Hybrids,LH82 x DK3IIH6,Maize,226-9,226,9,B,jr,6/26/20,9/25/20,50.2504449,226-9_09_25_2020_12_40_24.xls,2WR
1752,2020,Newark,Lodging Hybrids,LH82 x DK3IIH6,Maize,226_2,226,2,A,jr,6/26/20,8/20/20,125.72126,226_2_08_20_2020_11_48_07.xls,NA
1753,2020,Newark,Lodging Hybrids,LH82 x DK3IIH6,Maize,226_3,226,3,A,jr,6/26/20,8/20/20,79.954214,226_3_08_20_2020_11_49_50.xls,slightly curved stalk
1754,2020,Newark,Lodging Hybrids,LH82 x DK3IIH6,Maize,226_9,226,9,A,jr,6/26/20,8/20/20,79.0026948,226_9_08_20_2020_11_51_59.xls,slightly curved stalk
1831,2020,Newark,Lodging Hybrids,PHK76 x PHP02,Maize,228-1,228,1,A,jr,6/26/20,9/25/20,56.829228,228-1_09_25_2020_13_28_51.xls,NA
1832,2020,Newark,Lodging Hybrids,PHK76 x PHP02,Maize,228-1,228,1,B,jr,6/26/20,9/25/20,74.511115,228-1_09_25_2020_13_29_26.xls,1WR
1863,2020,Newark,Lodging Hybrids,PHK76 x PHP02,Maize,228-7,228,7,A,jr,6/26/20,9/25/20,115.121545,228-7_09_25_2020_13_30_54.xls,NA
1864,2020,Newark,Lodging Hybrids,PHK76 x PHP02,Maize,228-7,228,7,B,JR,6/26/20,9/25/20,53.5101655,228-7_09_25_2020_13_34_36.xls,2WR
1871,2020,Newark,Lodging Hybrids,PHK76 x PHP02,Maize,228-8,228,8,A,JR,6/26/20,9/25/20,87.738255,228-8_09_25_2020_13_35_37.xls,NA
1872,2020,Newark,Lodging Hybrids,PHK76 x PHP02,Maize,228-8,228,8,B,JR,6/26/20,9/25/20,90.3513517,228-8_09_25_2020_13_36_22.xls,1WR
1874,2020,Newark,Lodging Hybrids,PHK76 x PHP02,Maize,228_1,228,1,A,JR,6/26/20,8/22/20,108.557086,228_1_08_22_2020_11_16_10.xls,NA
1875,2020,Newark,Lodging Hybrids,PHK76 x PHP02,Maize,228_6,228,6,A,JR,6/26/20,8/22/20,83.602727,228_6_08_22_2020_11_18_19.xls,NA
1876,2020,Newark,Lodging Hybrids,PHK76 x PHP02,Maize,228_7,228,7,A,JR,6/26/20,8/22/20,87.11823,228_7_08_22_2020_11_20_38.xls,NA
1877,2020,Newark,Lodging Hybrids,PHK76 x PHP02,Maize,228_8,228,8,A,JR,6/26/20,8/22/20,123.347582,228_8_08_22_2020_11_23_04.xls,NA
1881,2020,Newark,Lodging Hybrids,LH82 x PHK76,Maize,229-1,229,1,A,JR,6/26/20,9/25/20,65.1985045,229-1_09_25_2020_15_22_51.xls,NA
1882,2020,Newark,Lodging Hybrids,LH82 x PHK76,Maize,229-1,229,1,B,JR,6/26/20,9/25/20,46.2602031,229-1_09_25_2020_15_23_43.xls,2WR
1884,2020,Newark,Lodging Hybrids,LH82 x PHK76,Maize,229-2,229,2,A,JR,6/26/20,9/25/20,36.818677,229-2_09_25_2020_15_20_36.xls,NA
1885,2020,Newark,Lodging Hybrids,LH82 x PHK76,Maize,229-2,229,2,B,JR,6/26/20,9/25/20,47.5350342,229-2_09_25_2020_15_21_26.xls,1WR - SMALL
1891,2020,Newark,Lodging Hybrids,LH82 x PHK76,Maize,229-3,229,3,A,JR,6/26/20,9/25/20,75.947602,229-3_09_25_2020_15_18_57.xls,NA
1892,2020,Newark,Lodging Hybrids,LH82 x PHK76,Maize,229-3,229,3,B,JR,6/26/20,9/25/20,48.451767,229-3_09_25_2020_15_19_27.xls,1WR
1896,2020,Newark,Lodging Hybrids,LH82 x PHK76,Maize,229-4,229,4,A,JR,6/26/20,9/25/20,114.894408,229-4_09_25_2020_15_16_37.xls,NA
1897,2020,Newark,Lodging Hybrids,LH82 x PHK76,Maize,229-4,229,4,B,JR,6/26/20,9/25/20,57.5147312,229-4_09_25_2020_15_17_43.xls,2WR
1901,2020,Newark,Lodging Hybrids,LH82 x PHK76,Maize,229-5,229,5,A,JR,6/26/20,9/25/20,100.046616,229-5_09_25_2020_15_14_21.xls,NA
1902,2020,Newark,Lodging Hybrids,LH82 x PHK76,Maize,229-5,229,5,B,JR,6/26/20,9/25/20,52.263982,229-5_09_25_2020_15_15_19.xls,2WR
1905,2020,Newark,Lodging Hybrids,LH82 x PHK76,Maize,229-6,229,6,A,JR,6/26/20,9/25/20,55.196298,229-6_09_25_2020_15_11_22.xls,NA
1906,2020,Newark,Lodging Hybrids,LH82 x PHK76,Maize,229-6,229,6,B,JR,6/26/20,9/25/20,38.33088,229-6_09_25_2020_15_12_19.xls,2WR
1911,2020,Newark,Lodging Hybrids,LH82 x PHK76,Maize,229-7,229,7,A,JR,6/26/20,9/25/20,115.606513,229-7_09_25_2020_15_09_43.xls,NA
1912,2020,Newark,Lodging Hybrids,LH82 x PHK76,Maize,229-7,229,7,B,JR,6/26/20,9/25/20,101.8514332,229-7_09_25_2020_15_10_17.xls,1WR
1915,2020,Newark,Lodging Hybrids,LH82 x PHK76,Maize,229-8,229,8,A,JR,6/26/20,9/25/20,98.824988,229-8_09_25_2020_15_07_49.xls,NA
1916,2020,Newark,Lodging Hybrids,LH82 x PHK76,Maize,229-8,229,8,B,JR,6/26/20,9/25/20,52.03070663,229-8_09_25_2020_15_08_41.xls,2WR
1923,2020,Newark,Lodging Hybrids,LH82 x PHK76,Maize,229-9,229,9,A,JR,6/26/20,9/25/20,75.5363,229-9_09_25_2020_15_05_44.xls,NA
1924,2020,Newark,Lodging Hybrids,LH82 x PHK76,Maize,229-9,229,9,B,JR,6/26/20,9/25/20,52.46861,229-9_09_25_2020_15_06_39.xls,2WR
1925,2020,Newark,Lodging Hybrids,LH82 x PHK76,Maize,229_1,229,1,A,jr,6/26/20,8/23/20,99.46752,229_1_08_23_2020_11_18_16.xls,NA
1926,2020,Newark,Lodging Hybrids,LH82 x PHK76,Maize,229_2,229,2,A,jr,6/26/20,8/23/20,40.0108706,229_2_08_23_2020_11_19_33.xls,smaller plant
1927,2020,Newark,Lodging Hybrids,LH82 x PHK76,Maize,229_3,229,3,A,jr,6/26/20,8/23/20,128.07653,229_3_08_23_2020_11_20_41.xls,NA
1928,2020,Newark,Lodging Hybrids,LH82 x PHK76,Maize,229_4,229,4,A,jr,6/26/20,8/23/20,131.3076,229_4_08_23_2020_11_22_18.xls,slightly bent stalk
1929,2020,Newark,Lodging Hybrids,LH82 x PHK76,Maize,229_5,229,5,A,jr,6/26/20,8/23/20,112.240386,229_5_08_23_2020_11_23_32.xls,NA
1930,2020,Newark,Lodging Hybrids,LH82 x PHK76,Maize,229_6,229,6,A,jr,6/26/20,8/23/20,120.5482738,229_6_08_23_2020_11_25_48.xls,NA
1931,2020,Newark,Lodging Hybrids,LH82 x PHK76,Maize,229_7,229,7,A,jr,6/26/20,8/23/20,128.3119,229_7_08_23_2020_11_30_01.xls,NA
1932,2020,Newark,Lodging Hybrids,LH82 x PHK76,Maize,229_8,229,8,A,jr,6/26/20,8/23/20,47.774449,229_8_08_23_2020_11_31_06.xls,NA
1933,2020,Newark,Lodging Hybrids,LH82 x PHK76,Maize,229_9,229,9,A,jr,6/26/20,8/23/20,101.669314,229_9_08_23_2020_11_32_20.xls,NA
1934,2020,Newark,Lodging Hybrids,LH82 x PHP02,Maize,230-10,230,10,A,JR,6/26/20,9/25/20,123.0099461,230-10_09_25_2020_14_43_22.xls,NA
1935,2020,Newark,Lodging Hybrids,LH82 x PHP02,Maize,230-10,230,10,B,JR,6/26/20,9/25/20,91.2558065,230-10_09_25_2020_14_44_00.xls,1WR
1938,2020,Newark,Lodging Hybrids,LH82 x PHP02,Maize,230-1,230,1,A,JR,6/26/20,9/25/20,154.7989,230-1_09_25_2020_15_03_48.xls,NA
1939,2020,Newark,Lodging Hybrids,LH82 x PHP02,Maize,230-1,230,1,B,JR,6/26/20,9/25/20,95.986801,230-1_09_25_2020_15_04_25.xls,1WR
1945,2020,Newark,Lodging Hybrids,LH82 x PHP02,Maize,230-2,230,2,A,JR,6/26/20,9/25/20,42.791762,230-2_09_25_2020_15_01_30.xls,NA
1946,2020,Newark,Lodging Hybrids,LH82 x PHP02,Maize,230-2,230,2,B,JR,6/26/20,9/25/20,45.7036156,230-2_09_25_2020_15_02_10.xls,2WR-TWP
1950,2020,Newark,Lodging Hybrids,LH82 x PHP02,Maize,230-3,230,3,A,JR,6/26/20,9/25/20,70.55566,230-3_09_25_2020_14_59_12.xls,NA
1951,2020,Newark,Lodging Hybrids,LH82 x PHP02,Maize,230-3,230,3,B,JR,6/26/20,9/25/20,52.515674,230-3_09_25_2020_14_59_38.xls,1WR
1956,2020,Newark,Lodging Hybrids,LH82 x PHP02,Maize,230-4,230,4,A,JR,6/26/20,9/25/20,115.2709233,230-4_09_25_2020_14_57_33.xls,NA
1957,2020,Newark,Lodging Hybrids,LH82 x PHP02,Maize,230-4,230,4,B,JR,6/26/20,9/25/20,82.119176,230-4_09_25_2020_14_58_04.xls,1WR
1960,2020,Newark,Lodging Hybrids,LH82 x PHP02,Maize,230-5,230,5,A,JR,6/26/20,9/25/20,87.243056,230-5_09_25_2020_14_54_26.xls,NA
1961,2020,Newark,Lodging Hybrids,LH82 x PHP02,Maize,230-5,230,5,B,JR,6/26/20,9/25/20,63.6597036,230-5_09_25_2020_14_56_05.xls,2WR
1962,2020,Newark,Lodging Hybrids,LH82 x PHP02,Maize,230-6,230,6,A,JR,6/26/20,9/25/20,79.504033,230-6_09_25_2020_14_51_57.xls,NA
1963,2020,Newark,Lodging Hybrids,LH82 x PHP02,Maize,230-6,230,6,B,JR,6/26/20,9/25/20,49.534248,230-6_09_25_2020_14_52_52.xls,2WR
1964,2020,Newark,Lodging Hybrids,LH82 x PHP02,Maize,230-7,230,7,A,JR,6/26/20,9/25/20,118.6247726,230-7_09_25_2020_14_49_56.xls,NA
1965,2020,Newark,Lodging Hybrids,LH82 x PHP02,Maize,230-7,230,7,B,JR,6/26/20,9/25/20,68.7017322,230-7_09_25_2020_14_50_23.xls,1WR
1966,2020,Newark,Lodging Hybrids,LH82 x PHP02,Maize,230-8,230,8,A,JR,6/26/20,9/25/20,98.509861,230-8_09_25_2020_14_48_13.xls,NA
1967,2020,Newark,Lodging Hybrids,LH82 x PHP02,Maize,230-8,230,8,B,JR,6/26/20,9/25/20,84.357804,230-8_09_25_2020_14_48_41.xls,1WR
1968,2020,Newark,Lodging Hybrids,LH82 x PHP02,Maize,230-9,230,9,A,JR,6/26/20,9/25/20,99.672147,230-9_09_25_2020_14_46_23.xls,NA
1969,2020,Newark,Lodging Hybrids,LH82 x PHP02,Maize,230-9,230,9,B,JR,6/26/20,9/25/20,75.886214,230-9_09_25_2020_14_46_57.xls,1WR
1970,2020,Newark,Lodging Hybrids,LH82 x PHP02,Maize,230_10,230,10,A,jr,6/26/20,8/23/20,111.282728,230_10_08_23_2020_11_43_48.xls,NA
1971,2020,Newark,Lodging Hybrids,LH82 x PHP02,Maize,230_1,230,1,A,jr,6/26/20,8/23/20,116.20607224,230_1_08_23_2020_11_33_32.xls,NA
1972,2020,Newark,Lodging Hybrids,LH82 x PHP02,Maize,230_2,230,2,A,jr,6/26/20,8/23/20,124.998928,230_2_08_23_2020_11_34_40.xls,NA
1973,2020,Newark,Lodging Hybrids,LH82 x PHP02,Maize,230_3,230,3,A,jr,6/26/20,8/23/20,96.5740826,230_3_08_23_2020_11_35_42.xls,NA
1974,2020,Newark,Lodging Hybrids,LH82 x PHP02,Maize,230_4,230,4,A,jr,6/26/20,8/23/20,107.053071,230_4_08_23_2020_11_36_49.xls,NA
1975,2020,Newark,Lodging Hybrids,LH82 x PHP02,Maize,230_5,230,5,A,jr,6/26/20,8/23/20,97.981922,230_5_08_23_2020_11_37_59.xls,NA
1976,2020,Newark,Lodging Hybrids,LH82 x PHP02,Maize,230_6,230,6,A,jr,6/26/20,8/23/20,109.514744,230_6_08_23_2020_11_39_15.xls,NA
1977,2020,Newark,Lodging Hybrids,LH82 x PHP02,Maize,230_7,230,7,A,jr,6/26/20,8/23/20,101.9271455,230_7_08_23_2020_11_40_19.xls,NA
1978,2020,Newark,Lodging Hybrids,LH82 x PHP02,Maize,230_8,230,8,A,jr,6/26/20,8/23/20,117.23535,230_8_08_23_2020_11_41_31.xls,NA
1979,2020,Newark,Lodging Hybrids,LH82 x PHP02,Maize,230_9,230,9,A,jr,6/26/20,8/23/20,126.480433,230_9_08_23_2020_11_42_38.xls,NA
1984,2020,Newark,Lodging Hybrids,DK3IIH6 x LH198,Maize,231-1,231,1,A,JR,6/26/20,9/25/20,163.4096094,231-1_09_25_2020_13_37_38.xls,NA
1985,2020,Newark,Lodging Hybrids,DK3IIH6 x LH198,Maize,231-1,231,1,B,JR,6/26/20,9/25/20,29.335439,231-1_09_25_2020_13_39_14.xls,2WR - CRACKED
1987,2020,Newark,Lodging Hybrids,DK3IIH6 x LH198,Maize,231-2,231,2,A,JR,6/26/20,9/25/20,139.382215,231-2_09_25_2020_13_40_17.xls,NA
1988,2020,Newark,Lodging Hybrids,DK3IIH6 x LH198,Maize,231-2,231,2,B,JR,6/26/20,9/25/20,55.1390027,231-2_09_25_2020_13_41_09.xls,2WR
1993,2020,Newark,Lodging Hybrids,DK3IIH6 x LH198,Maize,231-3,231,3,A,JR,6/26/20,9/25/20,155.9632044,231-3_09_25_2020_13_42_21.xls,NA
1994,2020,Newark,Lodging Hybrids,DK3IIH6 x LH198,Maize,231-3,231,3,B,JR,6/26/20,9/25/20,68.4336698,231-3_09_25_2020_13_43_29.xls,2WR
1999,2020,Newark,Lodging Hybrids,DK3IIH6 x LH198,Maize,231-4,231,4,A,JR,6/26/20,9/25/20,126.148936,231-4_09_25_2020_13_44_44.xls,NA
2000,2020,Newark,Lodging Hybrids,DK3IIH6 x LH198,Maize,231-4,231,4,B,JR,6/26/20,9/25/20,71.8796017,231-4_09_25_2020_13_45_42.xls,2WR
2006,2020,Newark,Lodging Hybrids,DK3IIH6 x LH198,Maize,231-6,231,6,A,JR,6/26/20,9/25/20,141.686324,231-6_09_25_2020_13_47_00.xls,NA
2007,2020,Newark,Lodging Hybrids,DK3IIH6 x LH198,Maize,231-6,231,6,B,JR,6/26/20,9/25/20,108.21945,231-6_09_25_2020_13_47_51.xls,2WR
2008,2020,Newark,Lodging Hybrids,DK3IIH6 x LH198,Maize,231-7,231,7,A,JR,6/26/20,9/25/20,135.567953,231-7_09_25_2020_13_49_04.xls,NA
2009,2020,Newark,Lodging Hybrids,DK3IIH6 x LH198,Maize,231-7,231,7,B,JR,6/26/20,9/25/20,44.7295873,231-7_09_25_2020_13_50_25.xls,WR
2010,2020,Newark,Lodging Hybrids,DK3IIH6 x LH198,Maize,231-8,231,8,A,JR,6/26/20,9/25/20,167.7170243,231-8_09_25_2020_13_53_51.xls,NA
2011,2020,Newark,Lodging Hybrids,DK3IIH6 x LH198,Maize,231-8,231,8,B,JR,6/26/20,9/25/20,100.04661614,231-8_09_25_2020_13_55_03.xls,2WR
2012,2020,Newark,Lodging Hybrids,DK3IIH6 x LH198,Maize,231-9,231,9,A,JR,6/26/20,9/25/20,183.91945,231-9_09_25_2020_13_56_04.xls,NA
2013,2020,Newark,Lodging Hybrids,DK3IIH6 x LH198,Maize,231-9,231,9,B,JR,6/26/20,9/25/20,111.2438485,231-9_09_25_2020_13_57_10.xls,1WR
2015,2020,Newark,Lodging Hybrids,DK3IIH6 x LH198,Maize,231_1,231,1,A,JR,6/26/20,8/22/20,152.6380029,231_1_08_22_2020_11_24_51.xls,NA
2016,2020,Newark,Lodging Hybrids,DK3IIH6 x LH198,Maize,231_2,231,2,A,JR,6/26/20,8/22/20,127.5588217,231_2_08_22_2020_11_27_24.xls,NA
2017,2020,Newark,Lodging Hybrids,DK3IIH6 x LH198,Maize,231_3,231,3,A,jr,6/26/20,8/22/20,144.5183724,231_3_08_22_2020_11_32_35.xls,NA
2018,2020,Newark,Lodging Hybrids,DK3IIH6 x LH198,Maize,231_4,231,4,A,jr,6/26/20,8/22/20,172.68948,231_4_08_22_2020_11_40_28.xls,NA
2019,2020,Newark,Lodging Hybrids,DK3IIH6 x LH198,Maize,231_6,231,6,A,jr,6/26/20,8/22/20,159.182,231_6_08_22_2020_11_41_38.xls,NA
2020,2020,Newark,Lodging Hybrids,DK3IIH6 x LH198,Maize,231_7,231,7,A,jr,6/26/20,8/22/20,166.902606,231_7_08_22_2020_11_42_59.xls,NA
2021,2020,Newark,Lodging Hybrids,DK3IIH6 x LH198,Maize,231_8,231,8,A,jr,6/26/20,8/22/20,201.173667,231_8_08_22_2020_11_44_13.xls,NA
2022,2020,Newark,Lodging Hybrids,DK3IIH6 x LH198,Maize,231_9,231,9,A,jr,6/26/20,8/22/20,177.6864899,231_9_08_22_2020_11_45_39.xls,NA
2048,2020,Newark,Lodging Hybrids,LH82 x LH145,Maize,232-1,232,1,A,jr,6/26/20,9/25/20,100.69324,232-1_09_25_2020_13_26_24.xls,NA
2049,2020,Newark,Lodging Hybrids,LH82 x LH145,Maize,232-1,232,1,B,jr,6/26/20,9/25/20,23.0942917,232-1_09_25_2020_13_27_25.xls,2WR
2050,2020,Newark,Lodging Hybrids,LH82 x LH145,Maize,232-2,232,2,A,jr,6/26/20,9/25/20,91.66097,232-2_09_25_2020_13_24_35.xls,NA
2051,2020,Newark,Lodging Hybrids,LH82 x LH145,Maize,232-2,232,2,B,jr,6/26/20,9/25/20,89.985068,232-2_09_25_2020_13_25_08.xls,1WR
2053,2020,Newark,Lodging Hybrids,LH82 x LH145,Maize,232-3,232,3,A,jr,6/26/20,9/25/20,108.816963,232-3_09_25_2020_13_22_34.xls,NA
2054,2020,Newark,Lodging Hybrids,LH82 x LH145,Maize,232-3,232,3,B,jr,6/26/20,9/25/20,71.529688,232-3_09_25_2020_13_23_06.xls,1WR
2057,2020,Newark,Lodging Hybrids,LH82 x LH145,Maize,232-4,232,4,A,jr,6/26/20,9/25/20,91.7837462,232-4_09_25_2020_13_20_29.xls,NA
2058,2020,Newark,Lodging Hybrids,LH82 x LH145,Maize,232-4,232,4,B,jr,6/26/20,9/25/20,87.748486,232-4_09_25_2020_13_20_59.xls,1WR
2062,2020,Newark,Lodging Hybrids,LH82 x LH145,Maize,232-5,232,5,A,jr,6/26/20,9/25/20,92.610442,232-5_09_25_2020_13_18_17.xls,NA
2063,2020,Newark,Lodging Hybrids,LH82 x LH145,Maize,232-5,232,5,B,jr,6/26/20,9/25/20,59.7717757,232-5_09_25_2020_13_18_49.xls,1WR
2065,2020,Newark,Lodging Hybrids,LH82 x LH145,Maize,232-6,232,6,A,jr,6/26/20,9/25/20,140.6161206,232-6_09_25_2020_13_16_23.xls,NA
2066,2020,Newark,Lodging Hybrids,LH82 x LH145,Maize,232-6,232,6,B,jr,6/26/20,9/25/20,79.93784381,232-6_09_25_2020_13_16_54.xls,1WR
2071,2020,Newark,Lodging Hybrids,LH82 x LH145,Maize,232-7,232,7,A,jr,6/26/20,9/25/20,133.64241,232-7_09_25_2020_13_14_51.xls,NA
2072,2020,Newark,Lodging Hybrids,LH82 x LH145,Maize,232-7,232,7,B,jr,6/26/20,9/25/20,102.418252,232-7_09_25_2020_13_15_27.xls,1WR
2076,2020,Newark,Lodging Hybrids,LH82 x LH145,Maize,232-8,232,8,A,jr,6/26/20,9/25/20,94.33954725,232-8_09_25_2020_13_12_52.xls,NA
2077,2020,Newark,Lodging Hybrids,LH82 x LH145,Maize,232-8,232,8,B,jr,6/26/20,9/25/20,68.7365189,232-8_09_25_2020_13_13_33.xls,1WR
2082,2020,Newark,Lodging Hybrids,LH82 x LH145,Maize,232_1,232,1,A,jr,6/26/20,8/21/20,96.7275535,232_1_08_21_2020_11_59_18.xls,NA
2083,2020,Newark,Lodging Hybrids,LH82 x LH145,Maize,232_2,232,2,A,jr,6/26/20,8/21/20,100.4128999,232_2_08_21_2020_12_00_31.xls,NA
2084,2020,Newark,Lodging Hybrids,LH82 x LH145,Maize,232_3,232,3,A,jr,6/26/20,8/21/20,99.62304,232_3_08_21_2020_12_01_43.xls,NA
2085,2020,Newark,Lodging Hybrids,LH82 x LH145,Maize,232_4,232,4,A,jr,6/26/20,8/21/20,104.931081,232_4_08_21_2020_12_03_00.xls,NA
2086,2020,Newark,Lodging Hybrids,LH82 x LH145,Maize,232_5,232,5,A,jr,6/26/20,8/21/20,100.8958214,232_5_08_21_2020_12_03_59.xls,NA
2087,2020,Newark,Lodging Hybrids,LH82 x LH145,Maize,232_6,232,6,A,jr,6/26/20,8/21/20,111.4587077,232_6_08_21_2020_12_05_07.xls,NA
2088,2020,Newark,Lodging Hybrids,LH82 x LH145,Maize,232_7,232,7,A,jr,6/26/20,8/21/20,145.8689158,232_7_08_21_2020_12_06_19.xls,NA
2089,2020,Newark,Lodging Hybrids,LH82 x LH145,Maize,232_8,232,8,A,jr,6/26/20,8/21/20,118.753688,232_8_08_21_2020_12_07_31.xls,NA
2090,2020,Newark,Lodging Hybrids,LH82 x LH145,Maize,232_9,232,9,A,jr,6/26/20,8/21/20,86.457285,232_9_08_21_2020_12_08_55.xls,slightly bent
2091,2020,Newark,Lodging Hybrids,PHK56 x PHK76,Maize,233-4,233,4,A,jr,6/26/20,9/25/20,118.88874,233-4_09_25_2020_12_41_49.xls,NA
2092,2020,Newark,Lodging Hybrids,PHK56 x PHK76,Maize,233-4,233,4,B,jr,6/26/20,9/25/20,74.6113826,233-4_09_25_2020_12_42_24.xls,1WR
2093,2020,Newark,Lodging Hybrids,PHK56 x PHK76,Maize,233-5,233,5,A,jr,6/26/20,9/25/20,116.860881,233-5_09_25_2020_12_43_34.xls,NA
2094,2020,Newark,Lodging Hybrids,PHK56 x PHK76,Maize,233-5,233,5,B,jr,6/26/20,9/25/20,86.1892226,233-5_09_25_2020_12_44_29.xls,2WR - TWP
2095,2020,Newark,Lodging Hybrids,PHK56 x PHK76,Maize,233-7,233,7,A,jr,6/26/20,9/25/20,97.836636,233-7_09_25_2020_12_45_53.xls,NA
2096,2020,Newark,Lodging Hybrids,PHK56 x PHK76,Maize,233-7,233,7,B,jr,6/26/20,9/25/20,49.0902054,233-7_09_25_2020_12_46_42.xls,1WR
2097,2020,Newark,Lodging Hybrids,PHK56 x PHK76,Maize,233_3,233,3,A,jr,6/26/20,8/20/20,83.1423149,233_3_08_20_2020_12_00_21.xls,after smurf restart test
2098,2020,Newark,Lodging Hybrids,PHK56 x PHK76,Maize,233_4,233,4,A,jr,6/26/20,8/20/20,65.157579,233_4_08_20_2020_12_01_46.xls,NA
2099,2020,Newark,Lodging Hybrids,PHK56 x PHK76,Maize,233_5,233,5,A,jr,6/26/20,8/20/20,88.6038305,233_5_08_20_2020_12_03_04.xls,NA
2100,2020,Newark,Lodging Hybrids,PHK56 x PHK76,Maize,233_7,233,7,A,jr,6/26/20,8/20/20,60.2567435,233_7_08_20_2020_12_08_04.xls,smurf restart again
2101,2020,Newark,Lodging Hybrids,LH198 x PHN46,Maize,235-1,235,1,A,jr,6/26/20,9/25/20,182.022553,235-1_09_25_2020_12_23_37.xls,NA
2102,2020,Newark,Lodging Hybrids,LH198 x PHN46,Maize,235-1,235,1,B,jr,6/26/20,9/25/20,74.23896,235-1_09_25_2020_12_25_00.xls,3 WR - TWP
2103,2020,Newark,Lodging Hybrids,LH198 x PHN46,Maize,235-3,235,3,A,jr,6/26/20,9/25/20,228.8066029,235-3_09_25_2020_12_21_23.xls,NA
2104,2020,Newark,Lodging Hybrids,LH198 x PHN46,Maize,235-3,235,3,B,jr,6/26/20,9/25/20,131.051818,235-3_09_25_2020_12_22_15.xls,2 WR - TWP
2105,2020,Newark,Lodging Hybrids,LH198 x PHN46,Maize,235_1,235,1,A,jr,6/26/20,8/20/20,123.550163,235_1_08_20_2020_11_26_13.xls,NA
2106,2020,Newark,Lodging Hybrids,LH198 x PHN46,Maize,235_2,235,2,A,jr,6/26/20,8/20/20,4.51408891,235_2_08_20_2020_11_24_15.xls,NA
2107,2020,Newark,Lodging Hybrids,LH198 x PHN46,Maize,235_3,235,3,A,jr,6/26/20,8/20/20,134.776044,235_3_08_20_2020_11_22_10.xls,NA
2108,2020,Newark,Lodging Hybrids,LH198 x PHN46,Maize,235_6,235,6,A,jr,6/26/20,8/20/20,145.1179318,235_6_08_20_2020_11_19_30.xls,NA
2109,2020,Newark,Lodging Hybrids,LH198 x PHN46,Maize,235_7,235,7,A,jr,6/26/20,8/20/20,111.516003,235_7_08_20_2020_11_17_46.xls,NA
2110,2020,Newark,Lodging Hybrids,LH198 x PHN46,Maize,235_8,235,8,A,jr,6/26/20,8/20/20,138.371354,235_8_08_20_2020_11_16_07.xls,NA
2111,2020,Newark,Lodging Hybrids,LH145 x DK3IIH6,Maize,236-5,236,5,A,jr,6/26/20,9/25/20,148.7971,236-5_09_25_2020_12_48_43.xls,NA
2112,2020,Newark,Lodging Hybrids,LH145 x DK3IIH6,Maize,236-5,236,5,B,jr,6/26/20,9/25/20,110.2125244,236-5_09_25_2020_12_49_15.xls,1WR
2113,2020,Newark,Lodging Hybrids,LH145 x DK3IIH6,Maize,236-9,236,9,A,jr,6/26/20,9/25/20,241.563099,236-9_09_25_2020_12_50_50.xls,NA
2114,2020,Newark,Lodging Hybrids,LH145 x DK3IIH6,Maize,236-9,236,9,B,jr,6/26/20,9/25/20,109.30397709,236-9_09_25_2020_12_52_47.xls,2WR
2115,2020,Newark,Lodging Hybrids,LH145 x DK3IIH6,Maize,236_1,236,1,A,JR,6/26/20,8/21/20,158.383951,236_1_08_21_2020_11_26_05.xls,NA
2116,2020,Newark,Lodging Hybrids,LH145 x DK3IIH6,Maize,236_2,236,2,A,JR,6/26/20,8/21/20,130.5238783,236_2_08_21_2020_11_27_27.xls,NA
2117,2020,Newark,Lodging Hybrids,LH145 x DK3IIH6,Maize,236_3,236,3,A,JR,6/26/20,8/21/20,19.0303839,236_3_08_21_2020_11_28_52.xls,NA
2118,2020,Newark,Lodging Hybrids,LH145 x DK3IIH6,Maize,236_4,236,4,A,JR,6/26/20,8/21/20,108.8885827,236_4_08_21_2020_11_30_09.xls,NA
2119,2020,Newark,Lodging Hybrids,LH145 x DK3IIH6,Maize,236_5,236,5,A,JR,6/26/20,8/21/20,132.6376833,236_5_08_21_2020_11_31_08.xls,NA
2120,2020,Newark,Lodging Hybrids,LH145 x DK3IIH6,Maize,236_6,236,6,A,JR,6/26/20,8/21/20,136.9717,236_6_08_21_2020_11_32_10.xls,NA
2121,2020,Newark,Lodging Hybrids,LH145 x DK3IIH6,Maize,236_9,236,9,A,JR,6/26/20,8/21/20,154.238192,236_9_08_21_2020_11_33_44.xls,NA
2122,2020,Newark,Lodging Hybrids,LH82 x PHP02,Maize,238-2,238,2,A,JR,6/26/20,9/25/20,104.253763,238-2_09_25_2020_13_58_22.xls,NA
2123,2020,Newark,Lodging Hybrids,LH82 x PHP02,Maize,238-2,238,2,B,JR,6/26/20,9/25/20,81.6710411,238-2_09_25_2020_13_59_00.xls,1WR
2124,2020,Newark,Lodging Hybrids,LH82 x PHP02,Maize,238-3,238,3,A,JR,6/26/20,9/25/20,63.056052,238-3_09_25_2020_14_00_43.xls,NA
2125,2020,Newark,Lodging Hybrids,LH82 x PHP02,Maize,238-3,238,3,B,JR,6/26/20,9/25/20,60.2567435,238-3_09_25_2020_14_01_34.xls,1WR
2126,2020,Newark,Lodging Hybrids,LH82 x PHP02,Maize,238-4,238,4,A,JR,6/26/20,9/25/20,64.758555,238-4_09_25_2020_14_03_11.xls,NA
2127,2020,Newark,Lodging Hybrids,LH82 x PHP02,Maize,238-4,238,4,B,JR,6/26/20,9/25/20,59.2192807,238-4_09_25_2020_14_03_54.xls,1WR
2128,2020,Newark,Lodging Hybrids,LH82 x PHP02,Maize,238-8,238,8,A,JR,6/26/20,9/25/20,148.371514,238-8_09_25_2020_14_06_47.xls,NA
2129,2020,Newark,Lodging Hybrids,LH82 x PHP02,Maize,238-8,238,8,B,JR,6/26/20,9/25/20,46.4832474,238-8_09_25_2020_14_08_40.xls,2WR
2130,2020,Newark,Lodging Hybrids,LH82 x PHP02,Maize,238-9,238,9,A,JR,6/26/20,9/25/20,88.515841,238-9_09_25_2020_14_10_37.xls,NA
2131,2020,Newark,Lodging Hybrids,LH82 x PHP02,Maize,238-9,238,9,B,JR,6/26/20,9/25/20,24.4346037,238-9_09_25_2020_14_12_15.xls,2WR
2132,2020,Newark,Lodging Hybrids,LH82 x PHP02,Maize,238_2,238,2,A,jr,6/26/20,8/22/20,75.298932,238_2_08_22_2020_11_48_01.xls,NA
2133,2020,Newark,Lodging Hybrids,LH82 x PHP02,Maize,238_3,238,3,A,jr,6/26/20,8/22/20,75.849381,238_3_08_22_2020_11_49_13.xls,NA
2134,2020,Newark,Lodging Hybrids,LH82 x PHP02,Maize,238_4,238,4,A,jr,6/26/20,8/22/20,103.6132784,238_4_08_22_2020_11_50_57.xls,NA
2135,2020,Newark,Lodging Hybrids,LH82 x PHP02,Maize,238_6,238,6,A,jr,6/26/20,8/22/20,78.68143,238_6_08_22_2020_11_52_24.xls,NA
2136,2020,Newark,Lodging Hybrids,LH82 x PHP02,Maize,238_7,238,7,A,jr,6/26/20,8/22/20,67.24069,238_7_08_22_2020_11_54_09.xls,NA
2137,2020,Newark,Lodging Hybrids,LH82 x PHP02,Maize,238_8,238,8,A,jr,6/26/20,8/22/20,102.966655,238_8_08_22_2020_11_55_20.xls,NA
2138,2020,Newark,Lodging Hybrids,LH82 x PHP02,Maize,238_9,238,9,A,jr,6/26/20,8/22/20,90.840412,238_9_08_22_2020_11_56_27.xls,NA
2139,2020,Newark,Lodging Hybrids,LH198 x PHN46,Maize,239-1,239,1,A,JR,6/26/20,9/25/20,146.671057,239-1_09_25_2020_14_40_06.xls,NA
2140,2020,Newark,Lodging Hybrids,LH198 x PHN46,Maize,239-1,239,1,B,JR,6/26/20,9/25/20,73.1544328,239-1_09_25_2020_14_41_38.xls,2WR
2141,2020,Newark,Lodging Hybrids,LH198 x PHN46,Maize,239-2,239,2,A,JR,6/26/20,9/25/20,173.598027,239-2_09_25_2020_14_37_25.xls,NA
2142,2020,Newark,Lodging Hybrids,LH198 x PHN46,Maize,239-2,239,2,B,JR,6/26/20,9/25/20,93.404398,239-2_09_25_2020_14_38_47.xls,2WR
2143,2020,Newark,Lodging Hybrids,LH198 x PHN46,Maize,239-3,239,3,A,JR,6/26/20,9/25/20,182.433855,239-3_09_25_2020_14_31_52.xls,NA
2144,2020,Newark,Lodging Hybrids,LH198 x PHN46,Maize,239-3,239,3,B,JR,6/26/20,9/25/20,130.976106,239-3_09_25_2020_14_32_52.xls,2WR
2145,2020,Newark,Lodging Hybrids,LH198 x PHN46,Maize,239-4,239,4,A,JR,6/26/20,9/25/20,171.54561,239-4_09_25_2020_14_29_29.xls,NA
2146,2020,Newark,Lodging Hybrids,LH198 x PHN46,Maize,239-4,239,4,B,JR,6/26/20,9/25/20,82.020955,239-4_09_25_2020_14_30_33.xls,2WR
2147,2020,Newark,Lodging Hybrids,LH198 x PHN46,Maize,239_1,239,1,A,jr,6/26/20,8/23/20,169.902449,239_1_08_23_2020_11_44_58.xls,NA
2148,2020,Newark,Lodging Hybrids,LH198 x PHN46,Maize,239_1,239,1,A,jr,6/26/20,8/24/20,150.694039,239_1_08_24_2020_10_54_38.xls,NA
2149,2020,Newark,Lodging Hybrids,LH198 x PHN46,Maize,239_2,239,2,A,jr,6/26/20,8/23/20,205.714358,239_2_08_23_2020_11_46_22.xls,NA
2150,2020,Newark,Lodging Hybrids,LH198 x PHN46,Maize,239_2,239,2,A,jr,6/26/20,8/24/20,120.425497,239_2_08_24_2020_10_57_22.xls,NA
2151,2020,Newark,Lodging Hybrids,LH198 x PHN46,Maize,239_3,239,3,A,jr,6/26/20,8/24/20,174.2139564,239_3_08_24_2020_10_58_50.xls,NA
2152,2020,Newark,Lodging Hybrids,LH198 x PHN46,Maize,239_4,239,4,A,jr,6/26/20,8/24/20,155.0281,239_4_08_24_2020_11_00_01.xls,NA
2153,2020,Newark,Lodging Hybrids,LH198 x PHN46,Maize,239_5,239,5,A,jr,6/26/20,8/24/20,178.132579,239_5_08_24_2020_11_01_29.xls,NA
2154,2020,Newark,Lodging Hybrids,LH198 x PHN46,Maize,239_7,239,7,A,jr,6/26/20,8/24/20,166.217103,239_7_08_24_2020_11_03_28.xls,look at pictures
2155,2020,Newark,Lodging Hybrids,LH82 x LH145,Maize,241-1,241,1,A,JR,6/26/20,9/25/20,158.658152,241-1_09_25_2020_14_13_29.xls,NA
2156,2020,Newark,Lodging Hybrids,LH82 x LH145,Maize,241-1,241,1,B,JR,6/26/20,9/25/20,71.5869839,241-1_09_25_2020_14_14_33.xls,2WR
2157,2020,Newark,Lodging Hybrids,LH82 x LH145,Maize,241-2,241,2,A,JR,6/26/20,9/25/20,150.861834,241-2_09_25_2020_14_15_41.xls,NA
2158,2020,Newark,Lodging Hybrids,LH82 x LH145,Maize,241-2,241,2,B,JR,6/26/20,9/25/20,106.97940546,241-2_09_25_2020_14_16_37.xls,2WR
2159,2020,Newark,Lodging Hybrids,LH82 x LH145,Maize,241-4,241,4,A,JR,6/26/20,9/25/20,76.457125,241-4_09_25_2020_14_17_56.xls,NA
2160,2020,Newark,Lodging Hybrids,LH82 x LH145,Maize,241-4,241,4,B,JR,6/26/20,9/25/20,57.0277171,241-4_09_25_2020_14_18_57.xls,2WR
2161,2020,Newark,Lodging Hybrids,LH82 x LH145,Maize,241-5,241,5,A,JR,6/26/20,9/25/20,90.707404,241-5_09_25_2020_14_20_29.xls,NA
2162,2020,Newark,Lodging Hybrids,LH82 x LH145,Maize,241-5,241,5,B,JR,6/26/20,9/25/20,52.386759,241-5_09_25_2020_14_21_20.xls,2WR
2163,2020,Newark,Lodging Hybrids,LH82 x LH145,Maize,241-6,241,6,A,JR,6/26/20,9/25/20,94.691507,241-6_09_25_2020_14_22_55.xls,NA
2164,2020,Newark,Lodging Hybrids,LH82 x LH145,Maize,241-6,241,6,B,JR,6/26/20,9/25/20,80.8934556,241-6_09_25_2020_14_23_52.xls,2WR
2165,2020,Newark,Lodging Hybrids,LH82 x LH145,Maize,241-7,241,7,A,JR,6/26/20,9/25/20,117.384728,241-7_09_25_2020_14_25_02.xls,NA
2166,2020,Newark,Lodging Hybrids,LH82 x LH145,Maize,241-7,241,7,B,JR,6/26/20,9/25/20,110.302561,241-7_09_25_2020_14_25_54.xls,2WR TWP
2168,2020,Newark,Lodging Hybrids,LH82 x LH145,Maize,241_1,241,1,A,jr,6/26/20,8/22/20,118.4017,241_1_08_22_2020_11_58_18.xls,NA
2169,2020,Newark,Lodging Hybrids,LH82 x LH145,Maize,241_2,241,2,A,jr,6/26/20,8/22/20,146.6526402,241_2_08_22_2020_11_59_22.xls,NA
2170,2020,Newark,Lodging Hybrids,LH82 x LH145,Maize,241_4,241,4,A,jr,6/26/20,8/22/20,94.666952,241_4_08_22_2020_12_00_48.xls,NA
2171,2020,Newark,Lodging Hybrids,LH82 x LH145,Maize,241_5,241,5,A,jr,6/26/20,8/22/20,114.3787461,241_5_08_22_2020_12_04_24.xls,NA
2172,2020,Newark,Lodging Hybrids,LH82 x LH145,Maize,241_6,241,6,A,jr,6/26/20,8/22/20,134.837432,241_6_08_22_2020_12_05_29.xls,NA
2173,2020,Newark,Lodging Hybrids,LH82 x LH145,Maize,241_7,241,7,A,jr,6/26/20,8/22/20,96.162781,241_7_08_22_2020_12_06_42.xls,NA
2174,2020,Newark,Lodging Hybrids,LH82 x PHK76,Maize,242-2,242,2,A,jr,6/26/20,9/25/20,120.405034,242-2_09_25_2020_13_10_20.xls,NA
2175,2020,Newark,Lodging Hybrids,LH82 x PHK76,Maize,242-2,242,2,B,jr,6/26/20,9/25/20,87.1448344,242-2_09_25_2020_13_11_14.xls,1WR
2176,2020,Newark,Lodging Hybrids,LH82 x PHK76,Maize,242-3,242,3,A,jr,6/26/20,9/25/20,112.9688607,242-3_09_25_2020_13_08_26.xls,NA
2177,2020,Newark,Lodging Hybrids,LH82 x PHK76,Maize,242-3,242,3,B,jr,6/26/20,9/25/20,70.98128571,242-3_09_25_2020_13_08_53.xls,1WR
2178,2020,Newark,Lodging Hybrids,LH82 x PHK76,Maize,242-7,242,7,A,jr,6/26/20,9/25/20,99.4409179,242-7_09_25_2020_13_06_24.xls,NA
2179,2020,Newark,Lodging Hybrids,LH82 x PHK76,Maize,242-7,242,7,B,jr,6/26/20,9/25/20,71.7527325,242-7_09_25_2020_13_07_04.xls,1WR
2180,2020,Newark,Lodging Hybrids,LH82 x PHK76,Maize,242-8,242,8,A,jr,6/26/20,9/25/20,69.26036604,242-8_09_25_2020_13_04_15.xls,NA
2181,2020,Newark,Lodging Hybrids,LH82 x PHK76,Maize,242-8,242,8,B,jr,6/26/20,9/25/20,48.04251,242-8_09_25_2020_13_05_02.xls,2WR TWP
2182,2020,Newark,Lodging Hybrids,LH82 x PHK76,Maize,242-9,242,9,A,jr,6/26/20,9/25/20,169.204668,242-9_09_25_2020_13_01_58.xls,NA
2183,2020,Newark,Lodging Hybrids,LH82 x PHK76,Maize,242-9,242,9,B,jr,6/26/20,9/25/20,72.278626,242-9_09_25_2020_13_02_45.xls,2WR-TWP
2185,2020,Newark,Lodging Hybrids,LH82 x PHK76,Maize,242_2,242,2,A,jr,6/26/20,8/21/20,98.071958,242_2_08_21_2020_12_10_43.xls,NA
2186,2020,Newark,Lodging Hybrids,LH82 x PHK76,Maize,242_3,242,3,A,jr,6/26/20,8/21/20,87.2430557,242_3_08_21_2020_12_12_13.xls,NA
2187,2020,Newark,Lodging Hybrids,LH82 x PHK76,Maize,242_4,242,4,A,jr,6/26/20,8/21/20,83.13618,242_4_08_21_2020_12_13_32.xls,NA
2188,2020,Newark,Lodging Hybrids,LH82 x PHK76,Maize,242_5,242,5,A,jr,6/26/20,8/21/20,87.048659,242_5_08_21_2020_12_15_43.xls,NA
2189,2020,Newark,Lodging Hybrids,LH82 x PHK76,Maize,242_7,242,7,A,jr,6/26/20,8/21/20,101.47083,242_7_08_21_2020_12_17_00.xls,NA
2190,2020,Newark,Lodging Hybrids,LH82 x PHK76,Maize,242_8,242,8,A,jr,6/26/20,8/21/20,86.24447,242_8_08_21_2020_12_18_12.xls,NA
2191,2020,Newark,Lodging Hybrids,LH82 x PHK76,Maize,242_9,242,9,A,jr,6/26/20,8/21/20,112.84813,242_9_08_21_2020_12_19_39.xls,NA
2192,2020,Newark,Lodging Hybrids,PHK56 x PHK76,Maize,243_10,243,10,A,JR,6/26/20,8/21/20,74.0670727,243_10_08_21_2020_11_36_39.xls,NA
2193,2020,Newark,Lodging Hybrids,PHK76 x PHP02,Maize,245-6,245,6,A,jr,6/26/20,9/25/20,131.6472848,245-6_09_25_2020_12_18_04.xls,NA
2194,2020,Newark,Lodging Hybrids,PHK76 x PHP02,Maize,245-6,245,6,B,jr,6/26/20,9/25/20,115.608559,245-6_09_25_2020_12_19_08.xls,1 WR
2195,2020,Newark,Lodging Hybrids,PHK76 x PHP02,Maize,245_6,245,6,A,jr,6/26/20,8/20/20,105.8559989,245_6_08_20_2020_11_13_19.xls,NA
2200,2020,Newark,Lodging Hybrids,DK3IIH6 x LH198,Maize,246-7,246,7,A,jr,6/26/20,9/25/20,139.052764,246-7_09_25_2020_12_55_12.xls,*FOOT BROKE
2201,2020,Newark,Lodging Hybrids,DK3IIH6 x LH198,Maize,246-7,246,7,B,jr,6/26/20,9/25/20,132.26935328,246-7_09_25_2020_12_56_25.xls,2 WR
2202,2020,Newark,Lodging Hybrids,DK3IIH6 x LH198,Maize,246-9,246,9,A,jr,6/26/20,9/25/20,181.5274,246-9_09_25_2020_12_58_35.xls,NA
2203,2020,Newark,Lodging Hybrids,DK3IIH6 x LH198,Maize,246-9,246,9,B,jr,6/26/20,9/25/20,136.65248,246-9_09_25_2020_13_00_04.xls,2 WR
2204,2020,Newark,Lodging Hybrids,DK3IIH6 x LH198,Maize,246_1,246,1,A,jr,6/26/20,8/20/20,145.330745,246_1_08_20_2020_10_56_35.xls,NA
2205,2020,Newark,Lodging Hybrids,DK3IIH6 x LH198,Maize,246_1,246,1,A,JR,6/26/20,8/21/20,137.835229,246_1_08_21_2020_11_38_00.xls,NA
2206,2020,Newark,Lodging Hybrids,DK3IIH6 x LH198,Maize,246_2,246,2,A,jr,6/26/20,8/20/20,66.7618608,246_2_08_20_2020_10_57_43.xls,NA
2207,2020,Newark,Lodging Hybrids,DK3IIH6 x LH198,Maize,246_2,246,2,A,JR,6/26/20,8/21/20,77.1876464,246_2_08_21_2020_11_39_24.xls,NA
2208,2020,Newark,Lodging Hybrids,DK3IIH6 x LH198,Maize,246_3,246,3,A,jr,6/26/20,8/20/20,131.3730836,246_3_08_20_2020_11_01_01.xls,NA
2209,2020,Newark,Lodging Hybrids,DK3IIH6 x LH198,Maize,246_3,246,3,A,JR,6/26/20,8/21/20,143.306976,246_3_08_21_2020_11_42_03.xls,NA
2210,2020,Newark,Lodging Hybrids,DK3IIH6 x LH198,Maize,246_4,246,4,A,jr,6/26/20,8/20/20,79.119333,246_4_08_20_2020_11_02_07.xls,NA
2211,2020,Newark,Lodging Hybrids,DK3IIH6 x LH198,Maize,246_4,246,4,A,JR,6/26/20,8/21/20,151.0275822,246_4_08_21_2020_11_43_26.xls,NA
2212,2020,Newark,Lodging Hybrids,DK3IIH6 x LH198,Maize,246_5,246,5,A,jr,6/26/20,8/20/20,14.5920073,246_5_08_20_2020_11_03_13.xls,NA
2213,2020,Newark,Lodging Hybrids,DK3IIH6 x LH198,Maize,246_5,246,5,A,jr,6/26/20,8/21/20,27.98899,246_5_08_21_2020_11_50_09.xls,NA
2214,2020,Newark,Lodging Hybrids,DK3IIH6 x LH198,Maize,246_6,246,6,A,jr,6/26/20,8/20/20,115.573772,246_6_08_20_2020_11_04_32.xls,NA
2215,2020,Newark,Lodging Hybrids,DK3IIH6 x LH198,Maize,246_6,246,6,A,jr,6/26/20,8/21/20,122.56795,246_6_08_21_2020_11_51_15.xls,NA
2216,2020,Newark,Lodging Hybrids,DK3IIH6 x LH198,Maize,246_7,246,7,A,jr,6/26/20,8/20/20,137.618324,246_7_08_20_2020_11_05_44.xls,NA
2217,2020,Newark,Lodging Hybrids,DK3IIH6 x LH198,Maize,246_7,246,7,A,jr,6/26/20,8/21/20,102.927775,246_7_08_21_2020_11_52_27.xls,NA
2218,2020,Newark,Lodging Hybrids,DK3IIH6 x LH198,Maize,246_8,246,8,A,jr,6/26/20,8/20/20,161.447229,246_8_08_20_2020_11_07_08.xls,NA
2219,2020,Newark,Lodging Hybrids,DK3IIH6 x LH198,Maize,246_8,246,8,A,jr,6/26/20,8/21/20,196.193027,246_8_08_21_2020_11_55_01.xls,slightly bent stalk
2220,2020,Newark,Lodging Hybrids,DK3IIH6 x LH198,Maize,246_9,246,9,A,jr,6/26/20,8/20/20,123.951234,246_9_08_20_2020_11_08_20.xls,NA
2221,2020,Newark,Lodging Hybrids,DK3IIH6 x LH198,Maize,246_9,246,9,A,jr,6/26/20,8/21/20,155.631707,246_9_08_21_2020_11_53_58.xls,NA
2222,2020,Newark,Lodging Hybrids,DK3IIH6 x LH198,Maize,246_9,246,9,A,jr,6/26/20,8/21/20,161.596607,246_9_08_21_2020_11_56_13.xls,NA
2774,2021,Newark,Lodging Hybrids,LH82 x PHP02,Maize,495-2,495,2,A,JR,5/20/21,8/11/21,92.839626,495-2_08_11_2021_10_50_35.xls,NA
2775,2021,Newark,Lodging Hybrids,LH82 x PHP02,Maize,495-2,495,2,A,JR,5/20/21,9/14/21,92.794607,495-2_09_14_2021_14_00_12.xls,NA
2776,2021,Newark,Lodging Hybrids,LH82 x PHP02,Maize,495-2,495,2,B,JR,5/20/21,9/14/21,120.922743,495-2_09_14_2021_14_00_29.xls,NA
2777,2021,Newark,Lodging Hybrids,LH82 x PHP02,Maize,495-3,495,3,A,JR,5/20/21,8/11/21,78.550467,495-3_08_11_2021_10_51_19.xls,NA
2778,2021,Newark,Lodging Hybrids,LH82 x PHP02,Maize,495-3,495,3,A,JR,5/20/21,9/14/21,107.012146,495-3_09_14_2021_14_01_21.xls,NA
2779,2021,Newark,Lodging Hybrids,LH82 x PHP02,Maize,495-3,495,3,B,JR,5/20/21,9/14/21,137.047412,495-3_09_14_2021_14_01_37.xls,NA
2780,2021,Newark,Lodging Hybrids,LH82 x PHP02,Maize,495-4,495,4,A,JR,5/20/21,8/11/21,98.387085,495-4_08_11_2021_10_52_11.xls,NA
2781,2021,Newark,Lodging Hybrids,LH82 x PHP02,Maize,495-4,495,4,A,JR,5/20/21,9/14/21,94.81019,495-4_09_14_2021_14_02_23.xls,NA
2782,2021,Newark,Lodging Hybrids,LH82 x PHP02,Maize,495-4,495,4,B,JR,5/20/21,9/14/21,126.466109,495-4_09_14_2021_14_02_39.xls,NA
2783,2021,Newark,Lodging Hybrids,LH82 x PHK76,Maize,496-2,496,2,A,JR,5/20/21,9/14/21,106.287764,496-2_09_14_2021_13_33_25.xls,NA
2784,2021,Newark,Lodging Hybrids,LH82 x PHK76,Maize,496-2,496,2,B,JR,5/20/21,9/14/21,130.200566,496-2_09_14_2021_13_33_40.xls,NA
2785,2021,Newark,Lodging Hybrids,LH82 x PHK76,Maize,496-3,496,3,A,JR,5/20/21,9/14/21,133.104235,496-3_09_14_2021_13_34_33.xls,NA
2786,2021,Newark,Lodging Hybrids,LH82 x PHK76,Maize,496-3,496,3,B,JR,5/20/21,9/14/21,150.6612985,496-3_09_14_2021_13_34_47.xls,NA
2787,2021,Newark,Lodging Hybrids,LH82 x PHK76,Maize,496-6,496,6,A,JR,5/20/21,8/11/21,131.062049,496-6_08_11_2021_10_38_25.xls,NA
2788,2021,Newark,Lodging Hybrids,LH82 x PHK76,Maize,496-7,496,7,A,JR,5/20/21,8/11/21,121.6041532,496-7_08_11_2021_10_39_14.xls,NA
2789,2021,Newark,Lodging Hybrids,LH82 x PHK76,Maize,496-7,496,7,A,JR,5/20/21,9/14/21,105.516317,496-7_09_14_2021_13_35_44.xls,NA
2790,2021,Newark,Lodging Hybrids,LH82 x PHK76,Maize,496-7,496,7,B,JR,5/20/21,9/14/21,132.654054,496-7_09_14_2021_13_36_00.xls,NA
2791,2021,Newark,Lodging Hybrids,LH82 x PHK76,Maize,496-9,496,9,A,JR,5/20/21,8/11/21,111.702215,496-9_08_11_2021_10_40_15.xls,NA
2792,2021,Newark,Lodging Hybrids,LH82 x LH145,Maize,497-5,497,5,A,JR,5/20/21,8/11/21,148.25283,497-5_08_11_2021_10_35_34.xls,NA
2793,2021,Newark,Lodging Hybrids,LH82 x LH145,Maize,497-5,497,5,A,JR,5/20/21,9/14/21,139.220559,497-5_09_14_2021_13_28_38.xls,NA
2794,2021,Newark,Lodging Hybrids,LH82 x LH145,Maize,497-5,497,5,B,JR,5/20/21,9/14/21,171.388047,497-5_09_14_2021_13_28_54.xls,NA
2795,2021,Newark,Lodging Hybrids,LH82 x LH145,Maize,497-6,497,6,A,JR,5/20/21,8/11/21,152.715761,497-6_08_11_2021_10_36_27.xls,NA
2796,2021,Newark,Lodging Hybrids,LH82 x LH145,Maize,497-6,497,6,A,JR,5/20/21,9/14/21,143.347902,497-6_09_14_2021_13_29_48.xls,NA
2797,2021,Newark,Lodging Hybrids,LH82 x LH145,Maize,497-6,497,6,B,JR,5/20/21,9/14/21,150.700178,497-6_09_14_2021_13_30_07.xls,NA
2798,2021,Newark,Lodging Hybrids,LH82 x LH145,Maize,497-7,497,7,A,JR,5/20/21,8/11/21,100.4620105,497-7_08_11_2021_10_37_17.xls,NA
2799,2021,Newark,Lodging Hybrids,LH82 x LH145,Maize,497-7,497,7,A,JR,5/20/21,9/14/21,69.481364,497-7_09_14_2021_13_31_32.xls,NA
2800,2021,Newark,Lodging Hybrids,LH82 x LH145,Maize,497-7,497,7,B,JR,5/20/21,9/14/21,93.539453,497-7_09_14_2021_13_31_49.xls,NA
2801,2021,Newark,Lodging Hybrids,LH198 x PHN46,Maize,498-4,498,4,A,JR,5/20/21,8/11/21,154.950297,498-4_08_11_2021_10_12_12.xls,NA
2802,2021,Newark,Lodging Hybrids,LH198 x PHN46,Maize,498-4,498,4,A,JR,5/20/21,9/14/21,240.208463,498-4_09_14_2021_12_59_23.xls,NA
2803,2021,Newark,Lodging Hybrids,LH198 x PHN46,Maize,498-4,498,4,B,JR,5/20/21,9/14/21,308.525495,498-4_09_14_2021_12_59_41.xls,NA
2804,2021,Newark,Lodging Hybrids,LH198 x PHN46,Maize,498-5,498,5,A,JR,5/20/21,8/11/21,235.430404,498-5_08_11_2021_10_13_42.xls,NA
2805,2021,Newark,Lodging Hybrids,LH198 x PHN46,Maize,498-5,498,5,A,JR,5/20/21,9/14/21,230.687132,498-5_09_14_2021_13_00_45.xls,NA
2806,2021,Newark,Lodging Hybrids,LH198 x PHN46,Maize,498-5,498,5,B,JR,5/20/21,9/14/21,265.234441,498-5_09_14_2021_13_01_01.xls,NA
2807,2021,Newark,Lodging Hybrids,LH198 x PHN46,Maize,498-6,498,6,A,JR,5/20/21,8/11/21,157.929677,498-6_08_11_2021_10_14_37.xls,NA
2808,2021,Newark,Lodging Hybrids,LH198 x PHN46,Maize,498-7,498,7,A,JR,5/20/21,9/14/21,173.85995,498-7_09_14_2021_13_02_07.xls,NA
2809,2021,Newark,Lodging Hybrids,LH198 x PHN46,Maize,498-7,498,7,B,JR,5/20/21,9/14/21,249.371695,498-7_09_14_2021_13_02_22.xls,NA
2810,2021,Newark,Lodging Hybrids,LH145 x DK3IIH6,Maize,499-2,499,2,A,JR,5/20/21,8/11/21,130.900393,499-2_08_11_2021_10_02_37.xls,NA
2811,2021,Newark,Lodging Hybrids,LH145 x DK3IIH6,Maize,499-2,499,2,A,JR,5/20/21,9/14/21,249.1384195,499-2_09_14_2021_12_45_39.xls,NA
2812,2021,Newark,Lodging Hybrids,LH145 x DK3IIH6,Maize,499-2,499,2,B,JR,5/20/21,9/14/21,276.963706,499-2_09_14_2021_12_45_54.xls,NA
2813,2021,Newark,Lodging Hybrids,LH145 x DK3IIH6,Maize,499-3,499,3,A,JR,5/20/21,8/11/21,113.138702,499-3_08_11_2021_10_03_32.xls,NA
2814,2021,Newark,Lodging Hybrids,LH145 x DK3IIH6,Maize,499-3,499,3,A,JR,5/20/21,9/14/21,141.37529,499-3_09_14_2021_12_46_52.xls,NA
2815,2021,Newark,Lodging Hybrids,LH145 x DK3IIH6,Maize,499-3,499,3,B,JR,5/20/21,9/14/21,172.5298698,499-3_09_14_2021_12_47_06.xls,NA
2816,2021,Newark,Lodging Hybrids,LH145 x DK3IIH6,Maize,499-4,499,4,A,JR,5/20/21,8/11/21,150.133359,499-4_08_11_2021_10_04_24.xls,NA
2817,2021,Newark,Lodging Hybrids,LH145 x DK3IIH6,Maize,499-4,499,4,A,JR,5/20/21,9/14/21,155.850659,499-4_09_14_2021_12_48_22.xls,NA
2818,2021,Newark,Lodging Hybrids,LH145 x DK3IIH6,Maize,499-4,499,4,B,JR,5/20/21,9/14/21,179.4319649,499-4_09_14_2021_12_48_37.xls,NA
2819,2021,Newark,Lodging Hybrids,DK3IIH6 x LH198,Maize,500-2,500,2,A,JR,5/20/21,8/11/21,92.244159,500-2_08_11_2021_09_51_42.xls,NA
2820,2021,Newark,Lodging Hybrids,DK3IIH6 x LH198,Maize,500-5,500,5,A,JR,5/20/21,8/11/21,139.541825,500-5_08_11_2021_09_52_42.xls,NA
2821,2021,Newark,Lodging Hybrids,DK3IIH6 x LH198,Maize,500-5,500,5,A,JR,5/20/21,9/14/21,181.271569,500-5_09_14_2021_12_28_00.xls,NA
2822,2021,Newark,Lodging Hybrids,DK3IIH6 x LH198,Maize,500-5,500,5,B,JR,5/20/21,9/14/21,228.8004641,500-5_09_14_2021_12_28_15.xls,NA
2823,2021,Newark,Lodging Hybrids,DK3IIH6 x LH198,Maize,500-6,500,6,A,JR,5/20/21,8/11/21,129.318621,500-6_08_11_2021_09_53_33.xls,NA
2824,2021,Newark,Lodging Hybrids,DK3IIH6 x LH198,Maize,500-6,500,6,A,JR,5/20/21,9/14/21,131.0068,500-6_09_14_2021_12_29_10.xls,NA
2825,2021,Newark,Lodging Hybrids,DK3IIH6 x LH198,Maize,500-6,500,6,B,JR,5/20/21,9/14/21,157.860104,500-6_09_14_2021_12_29_26.xls,NA
2826,2021,Newark,Lodging Hybrids,DK3IIH6 x LH198,Maize,500-7,500,7,A,JR,5/20/21,9/14/21,206.414185,500-7_09_14_2021_12_30_49.xls,NA
2827,2021,Newark,Lodging Hybrids,DK3IIH6 x LH198,Maize,500-7,500,7,B,JR,5/20/21,9/14/21,277.113084,500-7_09_14_2021_12_31_06.xls,NA
2828,2021,Newark,Lodging Hybrids,DK3IIH6 x LH198,Maize,500-9,500,9,A,JR,5/20/21,9/14/21,228.642901,500-9_09_14_2021_12_32_28.xls,NA
2829,2021,Newark,Lodging Hybrids,DK3IIH6 x LH198,Maize,500-9,500,9,B,JR,5/20/21,9/14/21,272.0465,500-9_09_14_2021_12_32_43.xls,NA
2848,2021,Newark,Lodging Hybrids,PHB47 x LH198,Maize,503-3,503,3,A,JR,5/20/21,8/11/21,150.36868,503-3_08_11_2021_09_57_11.xls,NA
2849,2021,Newark,Lodging Hybrids,PHB47 x LH198,Maize,503-4,503,4,A,JR,5/20/21,8/11/21,175.314854,503-4_08_11_2021_09_55_53.xls,NA
2850,2021,Newark,Lodging Hybrids,PHB47 x LH198,Maize,503-5,503,5,A,JR,5/20/21,8/11/21,120.0244267,503-5_08_11_2021_09_54_51.xls,NA
2851,2021,Newark,Lodging Hybrids,PHB47 x LH198,Maize,503-5,503,5,A,JR,5/20/21,9/14/21,143.399058,503-5_09_14_2021_12_38_47.xls,NA
2852,2021,Newark,Lodging Hybrids,PHB47 x LH198,Maize,503-5,503,5,B,JR,5/20/21,9/14/21,233.146758,503-5_09_14_2021_12_39_04.xls,NA
2853,2021,Newark,Lodging Hybrids,PHB47 x LH198,Maize,503-6,503,6,A,JR,5/20/21,9/14/21,221.50753,503-6_09_14_2021_12_37_03.xls,NA
2854,2021,Newark,Lodging Hybrids,PHB47 x LH198,Maize,503-6,503,6,B,JR,5/20/21,9/14/21,255.013283,503-6_09_14_2021_12_37_19.xls,NA
2855,2021,Newark,Lodging Hybrids,PHB47 x LH198,Maize,503-7,503,7,A,JR,5/20/21,9/14/21,129.56622,503-7_09_14_2021_12_35_38.xls,NA
2856,2021,Newark,Lodging Hybrids,PHB47 x LH198,Maize,503-7,503,7,B,JR,5/20/21,9/14/21,135.557722,503-7_09_14_2021_12_36_02.xls,NA
2857,2021,Newark,Lodging Hybrids,PHB47 x LH198,Maize,503-8,503,8,A,JR,5/20/21,9/14/21,135.342863,503-8_09_14_2021_12_34_00.xls,NA
2858,2021,Newark,Lodging Hybrids,PHB47 x LH198,Maize,503-8,503,8,B,JR,5/20/21,9/14/21,220.253162,503-8_09_14_2021_12_34_38.xls,NA
2859,2021,Newark,Lodging Hybrids,PHB47 x PHP02,Maize,504-2,504,2,A,JR,5/20/21,8/11/21,162.79368,504-2_08_11_2021_10_05_33.xls,NA
2860,2021,Newark,Lodging Hybrids,PHB47 x PHP02,Maize,504-2,504,2,A,JR,5/20/21,9/14/21,156.065518,504-2_09_14_2021_12_49_44.xls,NA
2861,2021,Newark,Lodging Hybrids,PHB47 x PHP02,Maize,504-2,504,2,B,JR,5/20/21,9/14/21,188.539948,504-2_09_14_2021_12_50_01.xls,NA
2862,2021,Newark,Lodging Hybrids,PHB47 x PHP02,Maize,504-3,504,3,A,JR,5/20/21,8/11/21,158.8566413,504-3_08_11_2021_10_06_29.xls,NA
2863,2021,Newark,Lodging Hybrids,PHB47 x PHP02,Maize,504-3,504,3,A,JR,5/20/21,9/14/21,164.037817,504-3_09_14_2021_12_51_07.xls,NA
2864,2021,Newark,Lodging Hybrids,PHB47 x PHP02,Maize,504-3,504,3,B,JR,5/20/21,9/14/21,209.107086,504-3_09_14_2021_12_51_21.xls,NA
2865,2021,Newark,Lodging Hybrids,PHB47 x PHP02,Maize,504-4,504,4,A,JR,5/20/21,8/11/21,143.055284,504-4_08_11_2021_10_07_28.xls,NA
2866,2021,Newark,Lodging Hybrids,PHB47 x PHP02,Maize,504-4,504,4,A,JR,5/20/21,9/14/21,145.523095,504-4_09_14_2021_12_52_30.xls,NA
2867,2021,Newark,Lodging Hybrids,PHB47 x PHP02,Maize,504-4,504,4,B,JR,5/20/21,9/14/21,200.59457,504-4_09_14_2021_12_52_44.xls,NA
2868,2021,Newark,Lodging Hybrids,LH82 x DK3IIH6,Maize,505-4,505,4,A,JR,5/20/21,9/14/21,184.621326,505-4_09_14_2021_13_03_36.xls,NA
2869,2021,Newark,Lodging Hybrids,LH82 x DK3IIH6,Maize,505-4,505,4,B,JR,5/20/21,9/14/21,234.472746,505-4_09_14_2021_13_03_51.xls,NA
2870,2021,Newark,Lodging Hybrids,LH82 x DK3IIH6,Maize,505-5,505,5,A,JR,5/20/21,8/11/21,152.867186,505-5_08_11_2021_10_15_52.xls,NA
2871,2021,Newark,Lodging Hybrids,LH82 x DK3IIH6,Maize,505-5,505,5,A,JR,5/20/21,9/14/21,149.392606,505-5_09_14_2021_13_05_19.xls,NA
2872,2021,Newark,Lodging Hybrids,LH82 x DK3IIH6,Maize,505-5,505,5,B,JR,5/20/21,9/14/21,200.741902,505-5_09_14_2021_13_05_35.xls,NA
2873,2021,Newark,Lodging Hybrids,LH82 x DK3IIH6,Maize,505-7,505,7,A,JR,5/20/21,8/11/21,109.9669711,505-7_08_11_2021_10_16_49.xls,NA
2874,2021,Newark,Lodging Hybrids,LH82 x DK3IIH6,Maize,505-7,505,7,A,JR,5/20/21,9/14/21,114.477,505-7_09_14_2021_13_06_37.xls,NA
2875,2021,Newark,Lodging Hybrids,LH82 x DK3IIH6,Maize,505-7,505,7,B,JR,5/20/21,9/14/21,132.2795847,505-7_09_14_2021_13_06_52.xls,NA
2876,2021,Newark,Lodging Hybrids,LH82 x DK3IIH6,Maize,505-8,505,8,A,JR,5/20/21,8/11/21,144.612501,505-8_08_11_2021_10_18_28.xls,NA
2877,2021,Newark,Lodging Hybrids,PHK76 x PHP02,Maize,506-2,506,2,A,JR,5/20/21,8/11/21,123.445803,506-2_08_11_2021_10_32_18.xls,NA
2878,2021,Newark,Lodging Hybrids,PHK76 x PHP02,Maize,506-2,506,2,A,JR,5/20/21,9/14/21,130.947458,506-2_09_14_2021_13_24_31.xls,NA
2879,2021,Newark,Lodging Hybrids,PHK76 x PHP02,Maize,506-2,506,2,B,JR,5/20/21,9/14/21,144.080469,506-2_09_14_2021_13_24_45.xls,NA
2880,2021,Newark,Lodging Hybrids,PHK76 x PHP02,Maize,506-3,506,3,A,JR,5/20/21,8/11/21,176.6286,506-3_08_11_2021_10_33_32.xls,NA
2881,2021,Newark,Lodging Hybrids,PHK76 x PHP02,Maize,506-3,506,3,A,JR,5/20/21,9/14/21,177.616916,506-3_09_14_2021_13_25_51.xls,NA
2882,2021,Newark,Lodging Hybrids,PHK76 x PHP02,Maize,506-3,506,3,B,JR,5/20/21,9/14/21,193.047898,506-3_09_14_2021_13_26_08.xls,NA
2883,2021,Newark,Lodging Hybrids,PHK76 x PHP02,Maize,506-5,506,5,A,JR,5/20/21,8/11/21,169.765348,506-5_08_11_2021_10_34_28.xls,NA
2884,2021,Newark,Lodging Hybrids,PHK76 x PHP02,Maize,506-5,506,5,A,JR,5/20/21,9/14/21,156.97611,506-5_09_14_2021_13_27_14.xls,NA
2885,2021,Newark,Lodging Hybrids,PHK76 x PHP02,Maize,506-5,506,5,B,JR,5/20/21,9/14/21,189.333903,506-5_09_14_2021_13_27_29.xls,NA
2886,2021,Newark,Lodging Hybrids,PHK56 x PHK76,Maize,507-3,507,3,A,JR,5/20/21,8/11/21,133.982088,507-3_08_11_2021_10_43_06.xls,NA
2887,2021,Newark,Lodging Hybrids,PHK56 x PHK76,Maize,507-3,507,3,A,JR,5/20/21,9/14/21,163.745199,507-3_09_14_2021_13_37_18.xls,NA
2888,2021,Newark,Lodging Hybrids,PHK56 x PHK76,Maize,507-3,507,3,B,JR,5/20/21,9/14/21,212.571435,507-3_09_14_2021_13_37_34.xls,NA
2889,2021,Newark,Lodging Hybrids,PHK56 x PHK76,Maize,507-4,507,4,A,JR,5/20/21,9/14/21,129.128317,507-4_09_14_2021_13_38_36.xls,NA
2890,2021,Newark,Lodging Hybrids,PHK56 x PHK76,Maize,507-4,507,4,B,JR,5/20/21,9/14/21,155.3902466,507-4_09_14_2021_13_38_53.xls,NA
2891,2021,Newark,Lodging Hybrids,PHK56 x PHK76,Maize,507-5,507,5,A,JR,5/20/21,8/11/21,138.068505,507-5_08_11_2021_10_42_14.xls,NA
2892,2021,Newark,Lodging Hybrids,PHK56 x PHK76,Maize,507-5,507,5,A,JR,5/20/21,9/14/21,105.96854,507-5_09_14_2021_13_39_56.xls,NA
2893,2021,Newark,Lodging Hybrids,PHK56 x PHK76,Maize,507-5,507,5,B,JR,5/20/21,9/14/21,157.780299,507-5_09_14_2021_13_40_11.xls,NA
2894,2021,Newark,Lodging Hybrids,PHK56 x PHK76,Maize,507-8,507,8,A,JR,5/20/21,8/11/21,82.964289,507-8_08_11_2021_10_41_21.xls,NA
2895,2021,Newark,Lodging Hybrids,LH82 x PHP02,Maize,508-1,508,1,A,JR,5/20/21,9/14/21,92.096827,508-1_09_14_2021_13_56_44.xls,NA
2896,2021,Newark,Lodging Hybrids,LH82 x PHP02,Maize,508-1,508,1,B,JR,5/20/21,9/14/21,122.574089,508-1_09_14_2021_13_56_59.xls,NA
2897,2021,Newark,Lodging Hybrids,LH82 x PHP02,Maize,508-2,508,2,A,JR,5/20/21,9/14/21,112.3427,508-2_09_14_2021_13_57_48.xls,NA
2898,2021,Newark,Lodging Hybrids,LH82 x PHP02,Maize,508-2,508,2,B,JR,5/20/21,9/14/21,132.201826,508-2_09_14_2021_13_58_03.xls,NA
2899,2021,Newark,Lodging Hybrids,LH82 x PHP02,Maize,508-3,508,3,A,JR,5/20/21,9/14/21,93.69497,508-3_09_14_2021_13_59_01.xls,NA
2900,2021,Newark,Lodging Hybrids,LH82 x PHP02,Maize,508-3,508,3,B,JR,5/20/21,9/14/21,124.806578,508-3_09_14_2021_13_59_16.xls,NA
2901,2021,Newark,Lodging Hybrids,LH82 x PHP02,Maize,508-4,508,4,A,JR,5/20/21,8/11/21,124.8045,508-4_08_11_2021_10_53_14.xls,NA
2902,2021,Newark,Lodging Hybrids,LH82 x PHP02,Maize,508-6,508,6,A,JR,5/20/21,8/11/21,117.605726,508-6_08_11_2021_10_54_11.xls,NA
2903,2021,Newark,Lodging Hybrids,LH82 x PHP02,Maize,508-8,508,8,A,JR,5/20/21,8/11/21,83.330572,508-8_08_11_2021_10_55_05.xls,NA
2992,2021,Newark,Lodging Hybrids,PHK56 x PHK76,Maize,553-2,553,2,A,JR,5/20/21,8/11/21,178.5848059,553-2_08_11_2021_10_56_13.xls,NA
2993,2021,Newark,Lodging Hybrids,PHK56 x PHK76,Maize,553-3,553,3,A,JR,5/20/21,8/11/21,109.215987,553-3_08_11_2021_10_57_01.xls,NA
2994,2021,Newark,Lodging Hybrids,PHK56 x PHK76,Maize,553-3,553,3,A,JR,5/20/21,9/14/21,119.363479,553-3_09_14_2021_13_55_33.xls,NA
2995,2021,Newark,Lodging Hybrids,PHK56 x PHK76,Maize,553-3,553,3,B,JR,5/20/21,9/14/21,141.7006478,553-3_09_14_2021_13_55_49.xls,NA
2996,2021,Newark,Lodging Hybrids,PHK56 x PHK76,Maize,553-4,553,4,A,JR,5/20/21,9/14/21,124.143584,553-4_09_14_2021_13_54_29.xls,NA
2997,2021,Newark,Lodging Hybrids,PHK56 x PHK76,Maize,553-4,553,4,B,JR,5/20/21,9/14/21,157.712772,553-4_09_14_2021_13_54_45.xls,NA
2998,2021,Newark,Lodging Hybrids,PHK56 x PHK76,Maize,553-5,553,5,A,JR,5/20/21,8/11/21,115.459181,553-5_08_11_2021_10_58_07.xls,NA
2999,2021,Newark,Lodging Hybrids,PHK56 x PHK76,Maize,553-5,553,5,A,JR,5/20/21,9/14/21,142.553946,553-5_09_14_2021_13_53_22.xls,NA
3000,2021,Newark,Lodging Hybrids,PHK56 x PHK76,Maize,553-5,553,5,B,JR,5/20/21,9/14/21,163.368684,553-5_09_14_2021_13_53_37.xls,NA
3001,2021,Newark,Lodging Hybrids,DK3IIH6 x LH198,Maize,554-5,554,5,A,JR,5/20/21,8/11/21,233.449607,554-5_08_11_2021_10_44_00.xls,NA
3002,2021,Newark,Lodging Hybrids,DK3IIH6 x LH198,Maize,554-5,554,5,A,JR,5/20/21,9/14/21,213.572064,554-5_09_14_2021_13_41_17.xls,NA
3003,2021,Newark,Lodging Hybrids,DK3IIH6 x LH198,Maize,554-5,554,5,B,JR,5/20/21,9/14/21,277.919317,554-5_09_14_2021_13_41_33.xls,NA
3004,2021,Newark,Lodging Hybrids,DK3IIH6 x LH198,Maize,554-6,554,6,A,JR,5/20/21,8/11/21,214.4621953,554-6_08_11_2021_10_45_08.xls,NA
3005,2021,Newark,Lodging Hybrids,DK3IIH6 x LH198,Maize,554-6,554,6,A,JR,5/20/21,9/14/21,168.83634,554-6_09_14_2021_13_42_33.xls,NA
3006,2021,Newark,Lodging Hybrids,DK3IIH6 x LH198,Maize,554-6,554,6,B,JR,5/20/21,9/14/21,242.039882,554-6_09_14_2021_13_42_49.xls,NA
3007,2021,Newark,Lodging Hybrids,DK3IIH6 x LH198,Maize,554-7,554,7,A,JR,5/20/21,8/11/21,149.7568,554-7_08_11_2021_10_45_54.xls,NA
3008,2021,Newark,Lodging Hybrids,DK3IIH6 x LH198,Maize,554-7,554,7,A,JR,5/20/21,9/14/21,152.1346,554-7_09_14_2021_13_43_46.xls,NA
3009,2021,Newark,Lodging Hybrids,DK3IIH6 x LH198,Maize,554-7,554,7,B,JR,5/20/21,9/14/21,231.223257,554-7_09_14_2021_13_44_01.xls,NA
3010,2021,Newark,Lodging Hybrids,LH82 x LH145,Maize,555-2,555,2,A,JR,5/20/21,9/14/21,159.241341,555-2_09_14_2021_13_20_45.xls,NA
3011,2021,Newark,Lodging Hybrids,LH82 x LH145,Maize,555-2,555,2,B,JR,5/20/21,9/14/21,173.6409986,555-2_09_14_2021_13_21_00.xls,NA
3012,2021,Newark,Lodging Hybrids,LH82 x LH145,Maize,555-3,555,3,A,JR,5/20/21,8/11/21,142.14469,555-3_08_11_2021_10_31_26.xls,NA
3013,2021,Newark,Lodging Hybrids,LH82 x LH145,Maize,555-3,555,3,A,JR,5/20/21,9/14/21,113.455875,555-3_09_14_2021_13_22_03.xls,NA
3014,2021,Newark,Lodging Hybrids,LH82 x LH145,Maize,555-3,555,3,B,JR,5/20/21,9/14/21,147.40567,555-3_09_14_2021_13_22_18.xls,NA
3015,2021,Newark,Lodging Hybrids,LH82 x LH145,Maize,555-4,555,4,A,JR,5/20/21,9/14/21,150.561031,555-4_09_14_2021_13_23_15.xls,NA
3016,2021,Newark,Lodging Hybrids,LH82 x LH145,Maize,555-4,555,4,B,JR,5/20/21,9/14/21,186.591891,555-4_09_14_2021_13_23_30.xls,NA
3017,2021,Newark,Lodging Hybrids,LH82 x LH145,Maize,555-6,555,6,A,JR,5/20/21,8/11/21,156.401108,555-6_08_11_2021_10_30_30.xls,NA
3018,2021,Newark,Lodging Hybrids,LH82 x LH145,Maize,555-7,555,7,A,JR,5/20/21,8/11/21,182.894267,555-7_08_11_2021_10_29_36.xls,NA
3019,2021,Newark,Lodging Hybrids,LH82 x PHK76,Maize,556-2,556,2,A,JR,5/20/21,8/11/21,154.434635,556-2_08_11_2021_10_19_36.xls,NA
3020,2021,Newark,Lodging Hybrids,LH82 x PHK76,Maize,556-2,556,2,A,JR,5/20/21,9/14/21,183.1889,556-2_09_14_2021_13_07_56.xls,NA
3021,2021,Newark,Lodging Hybrids,LH82 x PHK76,Maize,556-2,556,2,B,JR,5/20/21,9/14/21,227.386486,556-2_09_14_2021_13_08_24.xls,NA
3022,2021,Newark,Lodging Hybrids,LH82 x PHK76,Maize,556-3,556,3,A,JR,5/20/21,8/11/21,129.038281,556-3_08_11_2021_10_20_28.xls,NA
3023,2021,Newark,Lodging Hybrids,LH82 x PHK76,Maize,556-3,556,3,A,JR,5/20/21,9/14/21,133.423454,556-3_09_14_2021_13_09_20.xls,NA
3024,2021,Newark,Lodging Hybrids,LH82 x PHK76,Maize,556-3,556,3,B,JR,5/20/21,9/14/21,147.0230165,556-3_09_14_2021_13_09_36.xls,NA
3025,2021,Newark,Lodging Hybrids,LH82 x PHK76,Maize,556-4,556,4,A,JR,5/20/21,9/14/21,96.191429,556-4_09_14_2021_13_10_29.xls,NA
3026,2021,Newark,Lodging Hybrids,LH82 x PHK76,Maize,556-4,556,4,B,JR,5/20/21,9/14/21,119.068815,556-4_09_14_2021_13_10_44.xls,NA
3027,2021,Newark,Lodging Hybrids,LH82 x PHK76,Maize,556-5,556,5,A,JR,5/20/21,8/11/21,139.187819,556-5_08_11_2021_10_21_14.xls,NA
3028,2021,Newark,Lodging Hybrids,LH145 x DK3IIH6,Maize,557-2,557,2,A,JR,5/20/21,8/11/21,185.529873,557-2_08_11_2021_10_08_39.xls,NA
3029,2021,Newark,Lodging Hybrids,LH145 x DK3IIH6,Maize,557-3,557,3,A,JR,5/20/21,8/11/21,152.7096226,557-3_08_11_2021_10_09_55.xls,NA
3030,2021,Newark,Lodging Hybrids,LH145 x DK3IIH6,Maize,557-4,557,4,A,JR,5/20/21,8/11/21,132.4535,557-4_08_11_2021_10_10_57.xls,NA
3031,2021,Newark,Lodging Hybrids,LH145 x DK3IIH6,Maize,557-4,557,4,A,JR,5/20/21,9/14/21,204.322889,557-4_09_14_2021_12_54_22.xls,NA
3032,2021,Newark,Lodging Hybrids,LH145 x DK3IIH6,Maize,557-4,557,4,B,JR,5/20/21,9/14/21,225.89475,557-4_09_14_2021_12_54_37.xls,NA
3033,2021,Newark,Lodging Hybrids,LH145 x DK3IIH6,Maize,557-5,557,5,A,JR,5/20/21,9/14/21,203.545303,557-5_09_14_2021_12_55_53.xls,NA
3034,2021,Newark,Lodging Hybrids,LH145 x DK3IIH6,Maize,557-5,557,5,B,JR,5/20/21,9/14/21,232.600402,557-5_09_14_2021_12_56_08.xls,NA
3035,2021,Newark,Lodging Hybrids,LH145 x DK3IIH6,Maize,557-6,557,6,A,JR,5/20/21,9/14/21,142.922276,557-6_09_14_2021_12_57_26.xls,NA
3036,2021,Newark,Lodging Hybrids,LH145 x DK3IIH6,Maize,557-6,557,6,B,JR,5/20/21,9/14/21,174.83807,557-6_09_14_2021_12_57_42.xls,NA
3037,2021,Newark,Lodging Hybrids,PHB47 x LH198,Maize,558-1,558,1,A,JR,5/20/21,8/11/21,157.295331,558-1_08_11_2021_10_00_46.xls,CLOSE TO NEIGHBOR
3038,2021,Newark,Lodging Hybrids,PHB47 x LH198,Maize,558-3,558,3,A,JR,5/20/21,8/11/21,178.940858,558-3_08_11_2021_09_59_41.xls,NA
3039,2021,Newark,Lodging Hybrids,PHB47 x LH198,Maize,558-3,558,3,A,JR,5/20/21,9/14/21,167.5042,558-3_09_14_2021_12_43_47.xls,NA
3040,2021,Newark,Lodging Hybrids,PHB47 x LH198,Maize,558-3,558,3,B,JR,5/20/21,9/14/21,205.5486,558-3_09_14_2021_12_44_04.xls,NA
3041,2021,Newark,Lodging Hybrids,PHB47 x LH198,Maize,558-4,558,4,A,JR,5/20/21,8/11/21,56.954051,558-4_08_11_2021_09_58_38.xls,NA
3042,2021,Newark,Lodging Hybrids,PHB47 x LH198,Maize,558-4,558,4,A,JR,5/20/21,9/14/21,141.344596,558-4_09_14_2021_12_42_25.xls,NA
3043,2021,Newark,Lodging Hybrids,PHB47 x LH198,Maize,558-4,558,4,B,JR,5/20/21,9/14/21,224.54216,558-4_09_14_2021_12_42_41.xls,NA
3044,2021,Newark,Lodging Hybrids,PHB47 x LH198,Maize,558-5,558,5,A,JR,5/20/21,9/14/21,173.790377,558-5_09_14_2021_12_40_41.xls,NA
3045,2021,Newark,Lodging Hybrids,PHB47 x LH198,Maize,558-5,558,5,B,JR,5/20/21,9/14/21,219.8357209,558-5_09_14_2021_12_41_05.xls,NA
3046,2022,Newark,Density Study,LH82 x PHP02,Maize,55_5,55,5,A,Jr,5/23/22,9/15/22,67.720092,55_5_09_15_2022_14_25_27.xlsx,NA
3047,2022,Newark,Density Study,LH82 x PHP02,Maize,55_6,55,6,A,Jr,5/23/22,9/15/22,76.48403,55_6_09_15_2022_14_27_03.xlsx,NA
3048,2021,Newark,Lodging Hybrids,LH198 x PHN46,Maize,563-2,563,2,A,JR,5/20/21,9/14/21,212.550972,563-2_09_14_2021_13_12_03.xls,NA
3049,2021,Newark,Lodging Hybrids,LH198 x PHN46,Maize,563-2,563,2,B,JR,5/20/21,9/14/21,305.936954,563-2_09_14_2021_13_12_18.xls,NA
3050,2021,Newark,Lodging Hybrids,LH198 x PHN46,Maize,563-5,563,5,A,JR,5/20/21,8/11/21,150.196793,563-5_08_11_2021_10_22_39.xls,NA
3051,2021,Newark,Lodging Hybrids,LH198 x PHN46,Maize,563-5,563,5,A,JR,5/20/21,9/14/21,168.304306,563-5_09_14_2021_13_13_25.xls,NA
3052,2021,Newark,Lodging Hybrids,LH198 x PHN46,Maize,563-5,563,5,B,JR,5/20/21,9/14/21,196.8887612,563-5_09_14_2021_13_13_40.xls,NA
3053,2021,Newark,Lodging Hybrids,LH198 x PHN46,Maize,563-6,563,6,A,JR,5/20/21,8/11/21,174.2999,563-6_08_11_2021_10_23_38.xls,NA
3054,2021,Newark,Lodging Hybrids,LH198 x PHN46,Maize,563-6,563,6,A,JR,5/20/21,9/14/21,173.816979,563-6_09_14_2021_13_14_39.xls,NA
3055,2021,Newark,Lodging Hybrids,LH198 x PHN46,Maize,563-6,563,6,B,JR,5/20/21,9/14/21,260.1392092,563-6_09_14_2021_13_14_54.xls,NA
3056,2021,Newark,Lodging Hybrids,LH198 x PHN46,Maize,563-7,563,7,A,JR,5/20/21,8/11/21,181.9161462,563-7_08_11_2021_10_24_34.xls,NA
3057,2021,Newark,Lodging Hybrids,PHB47 x PHP02,Maize,564-2,564,2,A,JR,5/20/21,8/11/21,153.28258,564-2_08_11_2021_10_26_06.xls,NA
3058,2021,Newark,Lodging Hybrids,PHB47 x PHP02,Maize,564-2,564,2,A,JR,5/20/21,9/14/21,141.931877,564-2_09_14_2021_13_16_02.xls,NA
3059,2021,Newark,Lodging Hybrids,PHB47 x PHP02,Maize,564-2,564,2,B,JR,5/20/21,9/14/21,178.601176,564-2_09_14_2021_13_16_17.xls,NA
3060,2021,Newark,Lodging Hybrids,PHB47 x PHP02,Maize,564-6,564,6,A,JR,5/20/21,8/11/21,143.139181,564-6_08_11_2021_10_27_05.xls,NA
3061,2021,Newark,Lodging Hybrids,PHB47 x PHP02,Maize,564-6,564,6,A,JR,5/20/21,9/14/21,161.848299,564-6_09_14_2021_13_17_33.xls,NA
3062,2021,Newark,Lodging Hybrids,PHB47 x PHP02,Maize,564-6,564,6,B,JR,5/20/21,9/14/21,191.063008,564-6_09_14_2021_13_17_52.xls,NA
3063,2021,Newark,Lodging Hybrids,PHB47 x PHP02,Maize,564-7,564,7,A,JR,5/20/21,8/11/21,120.718115,564-7_08_11_2021_10_28_36.xls,NA
3064,2021,Newark,Lodging Hybrids,PHB47 x PHP02,Maize,564-7,564,7,A,JR,5/20/21,9/14/21,180.139977,564-7_09_14_2021_13_18_56.xls,NA
3065,2021,Newark,Lodging Hybrids,PHB47 x PHP02,Maize,564-7,564,7,B,JR,5/20/21,9/14/21,214.546093,564-7_09_14_2021_13_19_11.xls,NA
3066,2021,Newark,Lodging Hybrids,LH82 x DK3IIH6,Maize,565-3,565,3,A,JR,5/20/21,8/11/21,75.724558,565-3_08_11_2021_10_46_58.xls,NA
3067,2021,Newark,Lodging Hybrids,LH82 x DK3IIH6,Maize,565-3,565,3,A,JR,5/20/21,9/14/21,100.977673,565-3_09_14_2021_13_48_02.xls,NA
3068,2021,Newark,Lodging Hybrids,LH82 x DK3IIH6,Maize,565-3,565,3,B,JR,5/20/21,9/14/21,117.618004,565-3_09_14_2021_13_48_17.xls,NA
3069,2021,Newark,Lodging Hybrids,LH82 x DK3IIH6,Maize,565-6,565,6,A,JR,5/20/21,9/14/21,97.556296,565-6_09_14_2021_13_46_43.xls,NA
3070,2021,Newark,Lodging Hybrids,LH82 x DK3IIH6,Maize,565-6,565,6,B,JR,5/20/21,9/14/21,116.003491,565-6_09_14_2021_13_46_58.xls,NA
3071,2021,Newark,Lodging Hybrids,LH82 x DK3IIH6,Maize,565-7,565,7,A,JR,5/20/21,8/11/21,134.295168,565-7_08_11_2021_10_47_51.xls,NA
3072,2021,Newark,Lodging Hybrids,LH82 x DK3IIH6,Maize,565-7,565,7,A,JR,5/20/21,9/14/21,130.07779,565-7_09_14_2021_13_45_09.xls,NA
3073,2021,Newark,Lodging Hybrids,LH82 x DK3IIH6,Maize,565-7,565,7,B,JR,5/20/21,9/14/21,158.0135748,565-7_09_14_2021_13_45_25.xls,NA
3074,2021,Newark,Lodging Hybrids,LH82 x DK3IIH6,Maize,565-8,565,8,A,JR,5/20/21,8/11/21,119.295952,565-8_08_11_2021_10_49_05.xls,NA
3075,2021,Newark,Lodging Hybrids,PHK76 x PHP02,Maize,566-2,566,2,A,JR,5/20/21,8/11/21,106.85049,566-2_08_11_2021_11_02_15.xls,NA
3076,2021,Newark,Lodging Hybrids,PHK76 x PHP02,Maize,566-2,566,2,A,JR,5/20/21,9/14/21,148.68664,566-2_09_14_2021_13_49_34.xls,NA
3077,2021,Newark,Lodging Hybrids,PHK76 x PHP02,Maize,566-2,566,2,B,JR,5/20/21,9/14/21,175.0713469,566-2_09_14_2021_13_49_52.xls,NA
3078,2021,Newark,Lodging Hybrids,PHK76 x PHP02,Maize,566-3,566,3,A,JR,5/20/21,8/11/21,100.212365,566-3_08_11_2021_11_01_12.xls,NA
3079,2021,Newark,Lodging Hybrids,PHK76 x PHP02,Maize,566-3,566,3,A,JR,5/20/21,9/14/21,144.317837,566-3_09_14_2021_13_50_47.xls,NA
3080,2021,Newark,Lodging Hybrids,PHK76 x PHP02,Maize,566-3,566,3,B,JR,5/20/21,9/14/21,167.082678,566-3_09_14_2021_13_51_02.xls,NA
3081,2021,Newark,Lodging Hybrids,PHK76 x PHP02,Maize,566-4,566,4,A,JR,5/20/21,8/11/21,119.293906,566-4_08_11_2021_11_00_10.xls,NA
3082,2021,Newark,Lodging Hybrids,PHK76 x PHP02,Maize,566-5,566,5,A,JR,5/20/21,9/14/21,145.017664,566-5_09_14_2021_13_52_02.xls,NA
3083,2021,Newark,Lodging Hybrids,PHK76 x PHP02,Maize,566-5,566,5,B,JR,5/20/21,9/14/21,159.355933,566-5_09_14_2021_13_52_17.xls,NA
3084,2022,Newark,Density Study,LH82 x DK3IIH6,Maize,56_5,56,5,A,Jr,5/23/22,9/15/22,56.82126,56_5_09_15_2022_14_28_34.xlsx,NA
3085,2022,Newark,Density Study,LH82 x DK3IIH6,Maize,56_6,56,6,A,Jr,5/23/22,9/15/22,58.379817,56_6_09_15_2022_14_30_03.xlsx,NA
3086,2022,Newark,Lodging Hybrids,DK3IIH6 x LH198,Maize,577_1,577,1,A,Jr,5/23/22,9/16/22,83.953541,577_1_09_16_2022_13_41_08.xlsx,NA
3087,2022,Newark,Lodging Hybrids,DK3IIH6 x LH198,Maize,577_2,577,2,A,Jr,5/23/22,9/16/22,58.340817,577_2_09_16_2022_13_42_30.xlsx,NA
3088,2022,Newark,Lodging Hybrids,LH145 x DK3IIH6,Maize,578_1,578,1,A,Jr,5/23/22,9/16/22,68.338333,578_1_09_16_2022_13_37_28.xlsx,NA
3089,2022,Newark,Lodging Hybrids,LH145 x DK3IIH6,Maize,578_2,578,2,A,Jr,5/23/22,9/16/22,63.641459,578_2_09_16_2022_13_38_44.xlsx,NA
3090,2022,Newark,Lodging Hybrids,LH198 x PHN46,Maize,579_1,579,1,A,Jr,5/23/22,9/16/22,124.999039,579_1_09_16_2022_13_33_41.xlsx,NA
3091,2022,Newark,Lodging Hybrids,LH198 x PHN46,Maize,579_2,579,2,A,Jr,5/23/22,9/16/22,67.069472,579_2_09_16_2022_13_35_49.xlsx,NA
3092,2022,Newark,Lodging Hybrids,LH82 x LH145,Maize,580_1,580,1,A,Jr,5/23/22,9/16/22,42.7503774,580_1_09_16_2022_13_29_53.xlsx,NA
3093,2022,Newark,Lodging Hybrids,LH82 x LH145,Maize,580_2,580,2,A,Jr,5/23/22,9/16/22,59.691971,580_2_09_16_2022_13_31_49.xlsx,NA
3094,2022,Newark,Density Study,LH82 x PHP02,Maize,59_6,59,6,A,Jr,5/23/22,9/15/22,77.9040644,59_6_09_15_2022_14_37_27.xlsx,NA
3095,2022,Newark,Density Study,LH82 x PHP02,Maize,59_8,59,8,A,Jr,5/23/22,9/15/22,82.004163,59_8_09_15_2022_14_39_26.xlsx,NA
3295,2022,Newark,Density Study,LH82 x DK3IIH6,Maize,60_4,60,4,A,Jr,5/23/22,9/15/22,104.033397,60_4_09_15_2022_14_41_14.xlsx,NA
3296,2022,Newark,Density Study,LH82 x DK3IIH6,Maize,60_5,60,5,A,Jr,5/23/22,9/15/22,120.037351,60_5_09_15_2022_14_42_28.xlsx,NA
3405,2022,Newark,Lodging Hybrids,PHB47 x PHP02,Maize,621_1,621,1,A,Jr,5/23/22,9/16/22,34.682527,621_1_09_16_2022_13_54_44.xlsx,NA
3408,2022,Newark,Lodging Hybrids,PHB47 x PHP02,Maize,621_2,621,2,A,Jr,5/23/22,9/16/22,69.657881,621_2_09_16_2022_13_56_14.xlsx,NA
3415,2022,Newark,Lodging Hybrids,PHB47 x LH198,Maize,622_1,622,1,A,Jr,5/23/22,9/16/22,44.98792,622_1_09_16_2022_13_50_37.xlsx,NA
3416,2022,Newark,Lodging Hybrids,PHB47 x LH198,Maize,622_2,622,2,A,Jr,5/23/22,9/16/22,42.332951,622_2_09_16_2022_13_52_26.xlsx,NA
3421,2022,Newark,Lodging Hybrids,LH82 x PHP02,Maize,623_1,623,1,A,Jr,5/23/22,9/16/22,30.627619,623_1_09_16_2022_13_47_31.xlsx,NA
3424,2022,Newark,Lodging Hybrids,LH82 x PHP02,Maize,623_2,623,2,A,Jr,5/23/22,9/16/22,44.538739,623_2_09_16_2022_13_48_40.xlsx,NA
3439,2022,Newark,Lodging Hybrids,LH82 x PHK76,Maize,624_1,624,1,A,Jr,5/23/22,9/16/22,27.821955,624_1_09_16_2022_13_44_19.xlsx,NA
3440,2022,Newark,Lodging Hybrids,LH82 x PHK76,Maize,624_2,624,2,A,Jr,5/23/22,9/16/22,45.311153,624_2_09_16_2022_13_45_31.xlsx,NA
3445,2022,Newark,Lodging Hybrids,LH82 x DK3IIH6,Maize,627_1,627,1,A,Jr,5/23/22,9/16/22,56.276144,627_1_09_16_2022_14_08_21.xlsx,NA
3446,2022,Newark,Lodging Hybrids,LH82 x DK3IIH6,Maize,627_3,627,3,A,Jr,5/23/22,9/16/22,49.6674154,627_3_09_16_2022_14_11_47.xlsx,NA
3449,2022,Newark,Lodging Hybrids,PHK76 x PHP02,Maize,628_1,628,1,A,Jr,5/23/22,9/16/22,54.4411352,628_1_09_16_2022_14_05_19.xlsx,NA
3450,2022,Newark,Lodging Hybrids,PHK76 x PHP02,Maize,628_2,628,2,A,Jr,5/23/22,9/16/22,34.93204,628_2_09_16_2022_14_06_38.xlsx,NA
3453,2022,Newark,Lodging Hybrids,PHK56 x PHK76,Maize,629_1,629,1,A,Jr,5/23/22,9/16/22,32.945297,629_1_09_16_2022_14_01_53.xlsx,NA
3454,2022,Newark,Lodging Hybrids,PHK56 x PHK76,Maize,629_2,629,2,A,Jr,5/23/22,9/16/22,34.427533,629_2_09_16_2022_14_03_15.xlsx,NA
3457,2022,Newark,Lodging Hybrids,LH82 x PHP02,Maize,630_1,630,1,A,Jr,5/23/22,9/16/22,15.908984,630_1_09_16_2022_13_58_29.xlsx,NA
3458,2022,Newark,Lodging Hybrids,LH82 x PHP02,Maize,630_2,630,2,A,Jr,5/23/22,9/16/22,23.8010324,630_2_09_16_2022_13_59_51.xlsx,NA
3536,2022,Newark,Density Study,LH82 x PHP02,Maize,63_10,63,10,A,Jr,5/23/22,9/15/22,26.62401,63_10_09_15_2022_14_48_37.xlsx,NA
3537,2022,Newark,Density Study,LH82 x PHP02,Maize,63_11,63,11,A,Jr,5/23/22,9/15/22,52.03772,63_11_09_15_2022_14_49_52.xlsx,NA
3595,2022,Newark,Density Study,LH82 x DK3IIH6,Maize,64_5,64,5,A,Jr,5/23/22,9/15/22,37.998721,64_5_09_15_2022_14_44_15.xlsx,NA
3596,2022,Newark,Density Study,LH82 x DK3IIH6,Maize,64_8,64,8,A,Jr,5/23/22,9/15/22,55.3053716,64_8_09_15_2022_14_46_15.xlsx,NA
3753,2022,Newark,Lodging Hybrids,LH82 x LH145,Maize,671_1,671,1,A,Jr,5/23/22,9/16/22,18.912654,671_1_09_16_2022_14_23_42.xlsx,NA
3756,2022,Newark,Lodging Hybrids,LH82 x LH145,Maize,671_2,671,2,A,Jr,5/23/22,9/16/22,24.3890242,671_2_09_16_2022_14_25_04.xlsx,NA
3773,2022,Newark,Lodging Hybrids,LH82 x PHK76,Maize,672_1,672,1,A,Jr,5/23/22,9/16/22,26.42253,672_1_09_16_2022_14_20_08.xlsx,NA
3776,2022,Newark,Lodging Hybrids,LH82 x PHK76,Maize,672_2,672,2,A,Jr,5/23/22,9/16/22,17.4414852,672_2_09_16_2022_14_21_24.xlsx,NA
3779,2022,Newark,Lodging Hybrids,LH145 x DK3IIH6,Maize,673_1,673,1,A,Jr,5/23/22,9/16/22,12.962069,673_1_09_16_2022_14_17_05.xlsx,NA
3782,2022,Newark,Lodging Hybrids,LH145 x DK3IIH6,Maize,673_2,673,2,A,Jr,5/23/22,9/16/22,42.25924,673_2_09_16_2022_14_18_16.xlsx,NA
3791,2022,Newark,Lodging Hybrids,PHB47 x LH198,Maize,674_1,674,1,A,Jr,5/23/22,9/16/22,35.681891,674_1_09_16_2022_14_13_39.xlsx,NA
3792,2022,Newark,Lodging Hybrids,PHB47 x LH198,Maize,674_2,674,2,A,Jr,5/23/22,9/16/22,33.54182,674_2_09_16_2022_14_15_01.xlsx,NA
3795,2022,Newark,Lodging Hybrids,DK3IIH6 x LH198,Maize,677_1,677,1,A,Jr,5/23/22,9/16/22,53.773684,677_1_09_16_2022_14_37_56.xlsx,NA
3798,2022,Newark,Lodging Hybrids,DK3IIH6 x LH198,Maize,677_2,677,2,A,Jr,5/23/22,9/16/22,59.011054,677_2_09_16_2022_14_39_27.xlsx,NA
3819,2022,Newark,Lodging Hybrids,PHK56 x PHK76,Maize,678_1,678,1,A,Jr,5/23/22,9/16/22,40.63977,678_1_09_16_2022_14_35_01.xlsx,NA
3822,2022,Newark,Lodging Hybrids,PHK56 x PHK76,Maize,678_2,678,2,A,Jr,5/23/22,9/16/22,48.18599,678_2_09_16_2022_14_36_09.xlsx,NA
3837,2022,Newark,Lodging Hybrids,LH198 x PHN46,Maize,679_1,679,1,A,Jr,5/23/22,9/16/22,58.388781,679_1_09_16_2022_14_32_14.xlsx,NA
3838,2022,Newark,Lodging Hybrids,LH198 x PHN46,Maize,679_2,679,2,A,Jr,5/23/22,9/16/22,50.24562,679_2_09_16_2022_14_33_20.xlsx,NA
3839,2022,Newark,Density Study,LH82 x PHP02,Maize,67_2,67,2,A,Jr,5/23/22,9/15/22,90.372671,67_2_09_15_2022_14_23_47.xlsx,NA
3840,2022,Newark,Density Study,LH82 x PHP02,Maize,67_3,67,3,A,Jr,5/23/22,9/15/22,122.534107,67_3_09_15_2022_14_21_58.xlsx,NA
3841,2022,Newark,Lodging Hybrids,PHB47 x PHP02,Maize,680_1,680,1,A,Jr,5/23/22,9/16/22,28.825672,680_1_09_16_2022_14_28_19.xlsx,NA
3842,2022,Newark,Lodging Hybrids,PHB47 x PHP02,Maize,680_2,680,2,A,Jr,5/23/22,9/16/22,40.012558,680_2_09_16_2022_14_29_30.xlsx,NA
3906,2022,Newark,Density Study,LH82 x DK3IIH6,Maize,68_3,68,3,A,Jr,5/23/22,9/15/22,115.284206,68_3_09_15_2022_14_20_03.xlsx,NA
3907,2022,Newark,Density Study,LH82 x DK3IIH6,Maize,68_4,68,4,A,Jr,5/23/22,9/15/22,93.781866,68_4_09_15_2022_14_17_48.xlsx,NA
4223,2022,Newark,Density Study,LH82 x PHP02,Maize,71_3,71,3,A,Jr,5/23/22,9/15/22,53.156949,71_3_09_15_2022_15_48_38.xlsx,NA
4224,2022,Newark,Density Study,LH82 x PHP02,Maize,71_4,71,4,A,Jr,5/23/22,9/15/22,71.213659,71_4_09_15_2022_15_49_51.xlsx,NA
4225,2022,Newark,Lodging Hybrids,LH145 x DK3IIH6,Maize,721_1,721,1,A,Jr,5/23/22,9/16/22,84.747954,721_1_09_16_2022_14_58_58.xlsx,NA
4226,2022,Newark,Lodging Hybrids,LH145 x DK3IIH6,Maize,721_2,721,2,A,Jr,5/23/22,9/16/22,72.5516938,721_2_09_16_2022_15_00_12.xlsx,NA
4227,2022,Newark,Lodging Hybrids,DK3IIH6 x LH198,Maize,722_1,722,1,A,Jr,5/23/22,9/16/22,61.703292,722_1_09_16_2022_14_55_57.xlsx,NA
4228,2022,Newark,Lodging Hybrids,DK3IIH6 x LH198,Maize,722_2,722,2,A,Jr,5/23/22,9/16/22,62.421822,722_2_09_16_2022_14_57_11.xlsx,NA
4229,2022,Newark,Lodging Hybrids,PHK76 x PHP02,Maize,723_1,723,1,A,Jr,5/23/22,9/16/22,98.581349,723_1_09_16_2022_14_52_47.xlsx,NA
4230,2022,Newark,Lodging Hybrids,PHK76 x PHP02,Maize,723_2,723,2,A,Jr,5/23/22,9/16/22,85.850308,723_2_09_16_2022_14_53_59.xlsx,NA
4231,2022,Newark,Lodging Hybrids,LH82 x DK3IIH6,Maize,724_1,724,1,A,Jr,5/23/22,9/16/22,49.9708828,724_1_09_16_2022_14_48_48.xlsx,NA
4232,2022,Newark,Lodging Hybrids,LH82 x DK3IIH6,Maize,724_2,724,2,A,Jr,5/23/22,9/16/22,83.658912,724_2_09_16_2022_14_50_36.xlsx,NA
4233,2022,Newark,Lodging Hybrids,LH198 x PHN46,Maize,726_1,726,1,A,Jr,5/23/22,9/16/22,68.648153,726_1_09_16_2022_15_14_22.xlsx,NA
4234,2022,Newark,Lodging Hybrids,LH198 x PHN46,Maize,726_2,726,2,A,Jr,5/23/22,9/16/22,114.218325,726_2_09_16_2022_15_15_40.xlsx,NA
4235,2022,Newark,Lodging Hybrids,LH198 x PHN46,Maize,727_1,727,1,A,Jr,5/23/22,9/16/22,84.18912,727_1_09_16_2022_15_11_28.xlsx,NA
4236,2022,Newark,Lodging Hybrids,LH198 x PHN46,Maize,727_2,727,2,A,Jr,5/23/22,9/16/22,106.596307,727_2_09_16_2022_15_12_36.xlsx,NA
4237,2022,Newark,Lodging Hybrids,LH82 x LH145,Maize,728_1,728,1,A,Jr,5/23/22,9/16/22,30.764031,728_1_09_16_2022_15_08_19.xlsx,NA
4238,2022,Newark,Lodging Hybrids,LH82 x LH145,Maize,728_2,728,2,A,Jr,5/23/22,9/16/22,39.666681,728_2_09_16_2022_15_09_48.xlsx,NA
4239,2022,Newark,Lodging Hybrids,LH82 x PHK76,Maize,729_1,729,1,A,Jr,5/23/22,9/16/22,52.533093,729_1_09_16_2022_15_05_03.xlsx,NA
4240,2022,Newark,Lodging Hybrids,LH82 x PHK76,Maize,729_2,729,2,A,Jr,5/23/22,9/16/22,49.549962,729_2_09_16_2022_15_06_16.xlsx,NA
4241,2022,Newark,Density Study,LH82 x DK3IIH6,Maize,72_5,72,5,A,Jr,5/23/22,9/15/22,55.062097,72_6_09_15_2022_14_09_38.xlsx,NA
4242,2022,Newark,Density Study,LH82 x DK3IIH6,Maize,72_7,72,7,A,Jr,5/23/22,9/15/22,34.083204,72_7_09_15_2022_14_12_03.xlsx,NA
4243,2022,Newark,Lodging Hybrids,LH82 x PHP02,Maize,730_1,730,1,A,Jr,5/23/22,9/16/22,87.097859,730_1_09_16_2022_15_02_16.xlsx,NA
4244,2022,Newark,Lodging Hybrids,LH82 x PHP02,Maize,730_2,730,2,A,Jr,5/23/22,9/16/22,50.693938,730_2_09_16_2022_15_03_31.xlsx,NA
4576,2022,Newark,Density Study,LH82 x PHP02,Maize,75_10,75,10,A,Jr,5/23/22,9/15/22,60.2603645,75_10_09_15_2022_14_51_53.xlsx,NA
4577,2022,Newark,Density Study,LH82 x PHP02,Maize,75_13,75,13,A,Jr,5/23/22,9/15/22,46.284693,75_13_09_15_2022_14_53_33.xlsx,NA
4677,2022,Newark,Density Study,LH82 x DK3IIH6,Maize,76_7,76,7,A,Jr,5/23/22,9/15/22,49.268396,76_7_09_15_2022_14_55_16.xlsx,NA
4678,2022,Newark,Density Study,LH82 x DK3IIH6,Maize,76_8,76,8,A,Jr,5/23/22,9/15/22,62.1000767,76_8_09_15_2022_14_56_51.xlsx,NA
4681,2022,Newark,Lodging Hybrids,PHK76 x PHP02,Maize,771_1,771,1,A,Jr,5/23/22,9/16/22,62.300244,771_1_09_16_2022_15_29_04.xlsx,NA
4682,2022,Newark,Lodging Hybrids,PHK76 x PHP02,Maize,771_2,771,2,A,Jr,5/23/22,9/16/22,64.304644,771_2_09_16_2022_15_30_14.xlsx,NA
4683,2022,Newark,Lodging Hybrids,LH82 x DK3IIH6,Maize,772_1,772,1,A,Jr,5/23/22,9/16/22,65.506182,772_1_09_16_2022_15_26_07.xlsx,NA
4684,2022,Newark,Lodging Hybrids,LH82 x DK3IIH6,Maize,772_2,772,2,A,Jr,5/23/22,9/16/22,50.321827,772_2_09_16_2022_15_27_12.xlsx,NA
4687,2022,Newark,Lodging Hybrids,PHB47 x PHP02,Maize,773_1,773,1,A,Jr,5/23/22,9/16/22,70.407338,773_1_09_16_2022_15_23_24.xlsx,NA
4688,2022,Newark,Lodging Hybrids,PHB47 x PHP02,Maize,773_2,773,2,A,Jr,5/23/22,9/16/22,73.846549,773_2_09_16_2022_15_24_13.xlsx,NA
4691,2022,Newark,Lodging Hybrids,PHB47 x LH198,Maize,774_1,774,1,A,Jr,5/23/22,9/16/22,62.321551,774_1_09_16_2022_15_20_30.xlsx,NA
4692,2022,Newark,Lodging Hybrids,PHB47 x LH198,Maize,774_2,774,2,A,Jr,5/23/22,9/16/22,77.466278,774_2_09_16_2022_15_21_50.xlsx,NA
4695,2022,Newark,Lodging Hybrids,PHB47 x PHP02,Maize,775_1,775,1,A,Jr,5/23/22,9/16/22,60.732433,775_1_09_16_2022_15_17_34.xlsx,NA
4696,2022,Newark,Lodging Hybrids,PHB47 x PHP02,Maize,775_2,775,2,A,Jr,5/23/22,9/16/22,67.822265,775_2_09_16_2022_15_18_49.xlsx,NA
4699,2022,Newark,Lodging Hybrids,LH82 x DK3IIH6,Maize,776_1,776,1,A,Jr,5/23/22,9/16/22,26.2308835,776_1_09_16_2022_15_42_37.xlsx,NA
4700,2022,Newark,Lodging Hybrids,LH82 x DK3IIH6,Maize,776_2,776,2,A,Jr,5/23/22,9/16/22,92.83071,776_2_09_16_2022_15_44_19.xlsx,NA
4701,2022,Newark,Lodging Hybrids,PHK56 x PHK76,Maize,777_1,777,1,A,Jr,5/23/22,9/16/22,55.427954,777_1_09_16_2022_15_39_49.xlsx,NA
4702,2022,Newark,Lodging Hybrids,PHK56 x PHK76,Maize,777_2,777,2,A,Jr,5/23/22,9/16/22,65.049968,777_2_09_16_2022_15_41_02.xlsx,NA
4705,2022,Newark,Lodging Hybrids,LH82 x PHP02,Maize,778_1,778,1,A,Jr,5/23/22,9/16/22,49.3828,778_1_09_16_2022_15_37_20.xlsx,NA
4706,2022,Newark,Lodging Hybrids,LH82 x PHP02,Maize,778_2,778,2,A,Jr,5/23/22,9/16/22,67.4229343,778_2_09_16_2022_15_38_28.xlsx,NA
4709,2022,Newark,Lodging Hybrids,PHB47 x LH198,Maize,779_1,779,1,A,Jr,5/23/22,9/16/22,44.16708,779_1_09_16_2022_15_34_34.xlsx,NA
4710,2022,Newark,Lodging Hybrids,PHB47 x LH198,Maize,779_2,779,2,A,Jr,5/23/22,9/16/22,65.930659,779_2_09_16_2022_15_35_47.xlsx,NA
4713,2022,Newark,Lodging Hybrids,LH145 x DK3IIH6,Maize,780_1,780,1,A,Jr,5/23/22,9/16/22,56.67458,780_1_09_16_2022_15_32_03.xlsx,NA
4714,2022,Newark,Lodging Hybrids,LH145 x DK3IIH6,Maize,780_2,780,2,A,Jr,5/23/22,9/16/22,65.00149,780_2_09_16_2022_15_33_09.xlsx,NA
4813,2021,Newark,Time_of_Day,W22,Maize,795_10,795,10,A,JR,6/14/21,8/13/21,19.67700771,795-10_08_13_2021_09_04_51.xls,9:00 AM
4814,2021,Newark,Time_of_Day,W22,Maize,795_10,795,10,A,JR,6/14/21,8/13/21,11.8336247,795-10_08_13_2021_16_10_58.xls,4:00 PM
4815,2021,Newark,Time_of_Day,W22,Maize,795_11,795,11,A,JR,6/14/21,8/13/21,15.1751965,795-11_08_13_2021_09_05_50.xls,9:00 AM
4816,2021,Newark,Time_of_Day,W22,Maize,795_11,795,11,A,JR,6/14/21,8/13/21,18.338742,795-11_08_13_2021_16_11_58.xls,4:00 PM
4817,2021,Newark,Time_of_Day,W22,Maize,795_12,795,12,A,JR,6/14/21,8/13/21,24.41823346,795-12_08_13_2021_09_07_02.xls,9:00 AM
4818,2021,Newark,Time_of_Day,W22,Maize,795_12,795,12,A,JR,6/14/21,8/13/21,5.5167651,795-12_08_13_2021_16_12_50.xls,4:00 PM
4819,2021,Newark,Time_of_Day,W22,Maize,795_13,795,13,A,JR,6/14/21,8/13/21,29.8613325,795-13_08_13_2021_09_07_58.xls,9:00 AM
4820,2021,Newark,Time_of_Day,W22,Maize,795_13,795,13,A,JR,6/14/21,8/13/21,11.037623,795-13_08_13_2021_16_13_58.xls,4:00 PM
4821,2021,Newark,Time_of_Day,W22,Maize,795_14,795,14,A,JR,6/14/21,8/13/21,26.9310626,795-14_08_13_2021_09_09_01.xls,9:00 AM
4822,2021,Newark,Time_of_Day,W22,Maize,795_14,795,14,A,JR,6/14/21,8/13/21,16.6423777,795-14_08_13_2021_16_14_56.xls,4:00 PM
4823,2021,Newark,Time_of_Day,W22,Maize,795_15,795,15,A,JR,6/14/21,8/13/21,13.12073,795-15_08_13_2021_09_10_02.xls,9:00 AM
4824,2021,Newark,Time_of_Day,W22,Maize,795_15,795,15,A,JR,6/14/21,8/13/21,8.4859142,795-15_08_13_2021_16_15_55.xls,4:00 PM
4825,2021,Newark,Time_of_Day,W22,Maize,795_16,795,16,A,JR,6/14/21,8/13/21,9.67070907,795-16_08_13_2021_09_11_33.xls,9:00 AM
4826,2021,Newark,Time_of_Day,W22,Maize,795_16,795,16,A,JR,6/14/21,8/13/21,4.61231,795-16_08_13_2021_16_16_55.xls,4:00 PM
4827,2021,Newark,Time_of_Day,W22,Maize,795_1,795,1,A,JR,6/14/21,8/13/21,2.7870304,795-1_08_13_2021_08_56_15.xls,9:00 AM
4828,2021,Newark,Time_of_Day,W22,Maize,795_1,795,1,A,JR,6/14/21,8/13/21,1.7536601,795-1_08_13_2021_16_02_32.xls,4:00 PM
4829,2021,Newark,Time_of_Day,W22,Maize,795_2,795,2,A,JR,6/14/21,8/13/21,29.2617731,795-2_08_13_2021_08_57_17.xls,9:00 AM
4830,2021,Newark,Time_of_Day,W22,Maize,795_2,795,2,A,JR,6/14/21,8/13/21,22.398557,795-2_08_13_2021_16_03_35.xls,4:00 PM
4831,2021,Newark,Time_of_Day,W22,Maize,795_3,795,3,A,JR,6/14/21,8/13/21,15.4575828,795-3_08_13_2021_08_58_20.xls,9:00 AM
4832,2021,Newark,Time_of_Day,W22,Maize,795_3,795,3,A,JR,6/14/21,8/13/21,10.28459,795-3_08_13_2021_16_04_33.xls,4:00 PM
4833,2021,Newark,Time_of_Day,W22,Maize,795_4,795,4,A,JR,6/14/21,8/13/21,11.6351358,795-4_08_13_2021_08_59_23.xls,9:00 AM
4834,2021,Newark,Time_of_Day,W22,Maize,795_4,795,4,A,JR,6/14/21,8/13/21,9.7320974,795-4_08_13_2021_16_05_36.xls,4:00 PM
4835,2021,Newark,Time_of_Day,W22,Maize,795_5,795,5,A,JR,6/14/21,8/13/21,14.7045526,795-5_08_13_2021_09_00_27.xls,9:00 AM
4836,2021,Newark,Time_of_Day,W22,Maize,795_5,795,5,A,JR,6/14/21,8/13/21,16.46639778,795-5_08_13_2021_16_06_53.xls,4:00 PM
4837,2021,Newark,Time_of_Day,W22,Maize,795_6,795,6,A,JR,6/14/21,8/13/21,38.2572105,795-6_08_13_2021_09_01_35.xls,9:00 AM
4838,2021,Newark,Time_of_Day,W22,Maize,795_6,795,6,A,JR,6/14/21,8/13/21,35.6031881,795-6_08_13_2021_16_07_51.xls,4:00 PM
4839,2021,Newark,Time_of_Day,W22,Maize,795_7,795,7,A,JR,6/14/21,8/13/21,21.387696,795-7_08_13_2021_09_02_35.xls,9:00 AM
4840,2021,Newark,Time_of_Day,W22,Maize,795_7,795,7,A,JR,6/14/21,8/13/21,17.1109753,795-7_08_13_2021_16_08_50.xls,4:00 PM
4841,2021,Newark,Time_of_Day,W22,Maize,795_9,795,9,A,JR,6/14/21,8/13/21,15.6765345,795-9_08_13_2021_09_03_35.xls,9:00 AM
4842,2021,Newark,Time_of_Day,W22,Maize,795_9,795,9,A,JR,6/14/21,8/13/21,14.9173655,795-9_08_13_2021_16_09_59.xls,4:00 PM
4843,2021,Newark,Time_of_Day,W22,Maize,795_10,795,10,A,JR,6/14/21,8/13/21,15.289788,795_10_08_13_2021_12_08_31.xls,12:00 PM
4844,2021,Newark,Time_of_Day,W22,Maize,795_11,795,11,A,JR,6/14/21,8/13/21,15.06879,795_11_08_13_2021_12_09_52.xls,12:00 PM
4845,2021,Newark,Time_of_Day,W22,Maize,795_12,795,12,A,JR,6/14/21,8/13/21,22.161189,795_12_08_13_2021_12_11_06.xls,12:00 PM
4846,2021,Newark,Time_of_Day,W22,Maize,795_13,795,13,A,JR,6/14/21,8/13/21,34.0930351,795_13_08_13_2021_12_12_18.xls,12:00 PM
4847,2021,Newark,Time_of_Day,W22,Maize,795_14,795,14,A,JR,6/14/21,8/13/21,15.917995,795_14_08_13_2021_12_13_26.xls,12:00 PM
4848,2021,Newark,Time_of_Day,W22,Maize,795_15,795,15,A,JR,6/14/21,8/13/21,20.4955188,795_15_08_13_2021_12_14_39.xls,12:00 PM
4849,2021,Newark,Time_of_Day,W22,Maize,795_16,795,16,A,JR,6/14/21,8/13/21,17.1007439,795_16_08_13_2021_12_16_14.xls,12:00 PM
4850,2021,Newark,Time_of_Day,W22,Maize,795_1,795,1,A,JR,6/14/21,8/13/21,1.8355112,795_1_08_13_2021_11_59_09.xls,12:00 PM
4851,2021,Newark,Time_of_Day,W22,Maize,795_2,795,2,A,JR,6/14/21,8/13/21,20.366603,795_2_08_13_2021_12_00_16.xls,12:00 PM
4852,2021,Newark,Time_of_Day,W22,Maize,795_3,795,3,A,JR,6/14/21,8/13/21,13.8307919,795_3_08_13_2021_12_01_22.xls,12:00 PM
4853,2021,Newark,Time_of_Day,W22,Maize,795_4,795,4,A,JR,6/14/21,8/13/21,9.496775,795_4_08_13_2021_12_02_22.xls,12:00 PM
4854,2021,Newark,Time_of_Day,W22,Maize,795_5,795,5,A,JR,6/14/21,8/13/21,21.285382,795_5_08_13_2021_12_03_32.xls,12:00 PM
4855,2021,Newark,Time_of_Day,W22,Maize,795_6,795,6,A,JR,6/14/21,8/13/21,43.6245973,795_6_08_13_2021_12_04_55.xls,12:00 PM
4856,2021,Newark,Time_of_Day,W22,Maize,795_7,795,7,A,JR,6/14/21,8/13/21,29.3293003,795_7_08_13_2021_12_06_05.xls,12:00 PM
4857,2021,Newark,Time_of_Day,W22,Maize,795_9,795,9,A,JR,6/14/21,8/13/21,29.1983385,795_9_08_13_2021_12_07_18.xls,12:00 PM
4916,2022,Newark,Density Study,LH82 x PHP02,Maize,79_4,79,4,A,Jr,5/23/22,9/15/22,90.203016,79_4_09_15_2022_14_58_55.xlsx,NA
4917,2022,Newark,Density Study,LH82 x PHP02,Maize,79_5,79,5,A,Jr,5/23/22,9/15/22,129.4721,79_5_09_15_2022_15_00_33.xlsx,NA
4978,2022,Newark,Density Study,LH82 x DK3IIH6,Maize,80_4,80,4,A,Jr,5/23/22,9/15/22,103.3236,80_4_09_15_2022_15_02_06.xlsx,NA
4979,2022,Newark,Density Study,LH82 x DK3IIH6,Maize,80_5,80,5,A,Jr,5/23/22,9/15/22,65.1237269,80_5_09_15_2022_15_03_50.xlsx,NA
4980,2022,Newark,Lodging Hybrids,PHK56 x PHK76,Maize,821_1,821,1,A,Jr,5/23/22,9/16/22,68.032558,821_1_09_16_2022_15_58_53.xlsx,NA
4981,2022,Newark,Lodging Hybrids,PHK56 x PHK76,Maize,821_2,821,2,A,Jr,5/23/22,9/16/22,58.819628,821_2_09_16_2022_16_00_23.xlsx,NA
4982,2022,Newark,Lodging Hybrids,DK3IIH6 x LH198,Maize,822_1,822,1,A,Jr,5/23/22,9/16/22,76.663005,822_1_09_16_2022_15_55_39.xlsx,NA
4983,2022,Newark,Lodging Hybrids,DK3IIH6 x LH198,Maize,822_2,822,2,A,Jr,5/23/22,9/16/22,100.258766,822_2_09_16_2022_15_56_57.xlsx,NA
4984,2022,Newark,Lodging Hybrids,LH82 x LH145,Maize,823_1,823,1,A,Jr,5/23/22,9/16/22,54.348333,823_1_09_16_2022_15_52_00.xlsx,NA
4985,2022,Newark,Lodging Hybrids,LH82 x LH145,Maize,823_2,823,2,A,Jr,5/23/22,9/16/22,56.02667,823_2_09_16_2022_15_53_57.xlsx,NA
4986,2022,Newark,Lodging Hybrids,LH82 x PHK76,Maize,824_1,824,1,A,Jr,5/23/22,9/16/22,56.853378,824_1_09_16_2022_15_49_34.xlsx,NA
4987,2022,Newark,Lodging Hybrids,LH82 x PHK76,Maize,824_2,824,2,A,Jr,5/23/22,9/16/22,59.217366,824_2_09_16_2022_15_50_16.xlsx,NA
4988,2022,Newark,Lodging Hybrids,PHK76 x PHP02,Maize,825_1,825,1,A,Jr,5/23/22,9/16/22,58.559665,825_1_09_16_2022_15_46_23.xlsx,NA
4989,2022,Newark,Lodging Hybrids,PHK76 x PHP02,Maize,825_2,825,2,A,Jr,5/23/22,9/16/22,66.128427,825_2_09_16_2022_15_47_39.xlsx,NA
4990,2022,Newark,Density Study,LH82 x PHP02,Maize,83_5,83,5,A,Jr,5/23/22,9/15/22,84.241032,83_5_09_15_2022_14_02_30.xlsx,NA
4991,2022,Newark,Density Study,LH82 x PHP02,Maize,83_7,83,7,A,Jr,5/23/22,9/15/22,93.395804,83_7_09_15_2022_14_04_10.xlsx,NA
4992,2021,Newark,Time_of_Day,B73,Maize,848_10,848,10,A,JR,6/14/21,8/13/21,45.7015693,848-10_08_13_2021_09_22_24.xls,9:00 AM
4993,2021,Newark,Time_of_Day,B73,Maize,848_10,848,10,A,JR,6/14/21,8/13/21,44.9239837,848-10_08_13_2021_16_27_00.xls,4:00 PM
4994,2021,Newark,Time_of_Day,B73,Maize,848_11,848,11,A,JR,6/14/21,8/13/21,68.192209,848-11_08_13_2021_09_23_17.xls,9:00 AM
4995,2021,Newark,Time_of_Day,B73,Maize,848_11,848,11,A,JR,6/14/21,8/13/21,71.036535,848-11_08_13_2021_16_27_58.xls,4:00 PM
4996,2021,Newark,Time_of_Day,B73,Maize,848_12,848,12,A,JR,6/14/21,8/13/21,34.706918,848-12_08_13_2021_09_24_15.xls,9:00 AM
4997,2021,Newark,Time_of_Day,B73,Maize,848_12,848,12,A,JR,6/14/21,8/13/21,40.3832932,848-12_08_13_2021_16_28_43.xls,4:00 PM
4998,2021,Newark,Time_of_Day,B73,Maize,848_1,848,1,A,JR,6/14/21,8/13/21,48.0772978,848-1_08_13_2021_09_13_10.xls,9:00 AM
4999,2021,Newark,Time_of_Day,B73,Maize,848_1,848,1,A,JR,6/14/21,8/13/21,51.9140688,848-1_08_13_2021_16_18_12.xls,4:00 PM
5000,2021,Newark,Time_of_Day,B73,Maize,848_2,848,2,A,JR,6/14/21,8/13/21,27.8723505,848-2_08_13_2021_09_14_02.xls,9:00 AM
5001,2021,Newark,Time_of_Day,B73,Maize,848_2,848,2,A,JR,6/14/21,8/13/21,27.3055315,848-2_08_13_2021_16_19_04.xls,4:00 PM
5002,2021,Newark,Time_of_Day,B73,Maize,848_3,848,3,A,JR,6/14/21,8/13/21,49.9926139,848-3_08_13_2021_09_14_55.xls,9:00 AM
5003,2021,Newark,Time_of_Day,B73,Maize,848_3,848,3,A,JR,6/14/21,8/13/21,45.6299495,848-3_08_13_2021_16_20_02.xls,4:00 PM
5004,2021,Newark,Time_of_Day,B73,Maize,848_4,848,4,A,JR,6/14/21,8/13/21,46.7144768,848-4_08_13_2021_09_16_10.xls,9:00 AM
5005,2021,Newark,Time_of_Day,B73,Maize,848_4,848,4,A,JR,6/14/21,8/13/21,45.0385753,848-4_08_13_2021_16_20_59.xls,4:00 PM
5006,2021,Newark,Time_of_Day,B73,Maize,848_5,848,5,A,JR,6/14/21,8/13/21,38.662374,848-5_08_13_2021_09_17_07.xls,9:00 AM
5007,2021,Newark,Time_of_Day,B73,Maize,848_5,848,5,A,JR,6/14/21,8/13/21,45.621764,848-5_08_13_2021_16_22_02.xls,4:00 PM
5008,2021,Newark,Time_of_Day,B73,Maize,848_6,848,6,A,JR,6/14/21,8/13/21,61.255327,848-6_08_13_2021_09_18_10.xls,9:00 AM
5009,2021,Newark,Time_of_Day,B73,Maize,848_6,848,6,A,JR,6/14/21,8/13/21,83.97514999,848-6_08_13_2021_16_22_56.xls,4:00 PM
5010,2021,Newark,Time_of_Day,B73,Maize,848_7,848,7,A,JR,6/14/21,8/13/21,61.089579,848-7_08_13_2021_09_19_24.xls,9:00 AM
5011,2021,Newark,Time_of_Day,B73,Maize,848_7,848,7,A,JR,6/14/21,8/13/21,65.2783094,848-7_08_13_2021_16_23_55.xls,4:00 PM
5012,2021,Newark,Time_of_Day,B73,Maize,848_8,848,8,A,JR,6/14/21,8/13/21,46.4198128,848-8_08_13_2021_09_20_24.xls,9:00 AM
5013,2021,Newark,Time_of_Day,B73,Maize,848_8,848,8,A,JR,6/14/21,8/13/21,44.0706858,848-8_08_13_2021_16_25_01.xls,4:00 PM
5014,2021,Newark,Time_of_Day,B73,Maize,848_9,848,9,A,JR,6/14/21,8/13/21,52.319232,848-9_08_13_2021_09_21_26.xls,9:00 AM
5015,2021,Newark,Time_of_Day,B73,Maize,848_9,848,9,A,JR,6/14/21,8/13/21,60.510482,848-9_08_13_2021_16_25_55.xls,4:00 PM
5016,2021,Newark,Time_of_Day,B73,Maize,848_10,848,10,A,JR,6/14/21,8/13/21,43.6716617,848_10_08_13_2021_12_33_26.xls,12:00 PM
5017,2021,Newark,Time_of_Day,B73,Maize,848_11,848,11,A,JR,6/14/21,8/13/21,69.3053842,848_11_08_13_2021_12_34_44.xls,12:00 PM
5018,2021,Newark,Time_of_Day,B73,Maize,848_12,848,12,A,JR,6/14/21,8/13/21,25.26744,848_12_08_13_2021_12_35_54.xls,12:00 PM
5019,2021,Newark,Time_of_Day,B73,Maize,848_1,848,1,A,JR,6/14/21,8/13/21,43.043454,848_1_08_13_2021_12_18_19.xls,12:00 PM
5020,2021,Newark,Time_of_Day,B73,Maize,848_2,848,2,A,JR,6/14/21,8/13/21,41.3286735,848_2_08_13_2021_12_19_21.xls,12:00 PM
5021,2021,Newark,Time_of_Day,B73,Maize,848_3,848,3,A,JR,6/14/21,8/13/21,41.457589,848_3_08_13_2021_12_20_44.xls,12:00 PM
5022,2021,Newark,Time_of_Day,B73,Maize,848_4,848,4,A,JR,6/14/21,8/13/21,45.192046,848_4_08_13_2021_12_26_06.xls,12:00 PM
5023,2021,Newark,Time_of_Day,B73,Maize,848_5,848,5,A,JR,6/14/21,8/13/21,38.703299,848_5_08_13_2021_12_27_05.xls,12:00 PM
5024,2021,Newark,Time_of_Day,B73,Maize,848_6,848,6,A,JR,6/14/21,8/13/21,74.916278,848_6_08_13_2021_12_28_10.xls,12:00 PM
5025,2021,Newark,Time_of_Day,B73,Maize,848_7,848,7,A,JR,6/14/21,8/13/21,62.495372,848_7_08_13_2021_12_29_29.xls,12:00 PM
5026,2021,Newark,Time_of_Day,B73,Maize,848_8,848,8,A,JR,6/14/21,8/13/21,43.3381184,848_8_08_13_2021_12_30_48.xls,12:00 PM
5027,2021,Newark,Time_of_Day,B73,Maize,848_9,848,9,A,JR,6/14/21,8/13/21,51.2449359,848_9_08_13_2021_12_32_05.xls,12:00 PM
5028,2022,Newark,Density Study,LH82 x DK3IIH6,Maize,84_7,84,7,A,Jr,5/23/22,9/15/22,83.335955,84_7_09_15_2022_13_58_50.xlsx,NA
5029,2022,Newark,Density Study,LH82 x DK3IIH6,Maize,84_8,84,8,A,Jr,5/23/22,9/15/22,59.087979,84_8_09_15_2022_14_00_46.xlsx,NA
5072,2022,Newark,Density Study,LH82 x PHP02,Maize,87_3,87,3,A,Jr,5/23/22,9/15/22,103.018067,87_3_09_15_2022_13_55_48.xlsx,NA
5073,2022,Newark,Density Study,LH82 x PHP02,Maize,87_4,87,4,A,Jr,5/23/22,9/15/22,124.714813,87_4_09_15_2022_13_51_46.xlsx,NA
5096,2022,Newark,Density Study,LH82 x DK3IIH6,Maize,88_3,88,3,A,Jr,5/23/22,9/15/22,112.106469,88_3_09_15_2022_13_49_37.xlsx,NA
5097,2022,Newark,Density Study,LH82 x DK3IIH6,Maize,88_4,88,4,A,Jr,5/23/22,9/15/22,115.2024971,88_4_09_15_2022_13_48_00.xlsx,NA
5143,2021,Newark,Time_of_Day,CML258,Maize,908_10,908,10,A,JR,5/20/21,8/13/21,83.674347,908-10_08_13_2021_09_34_33.xls,9:00 AM
5144,2021,Newark,Time_of_Day,CML258,Maize,908_10,908,10,A,JR,5/20/21,8/13/21,78.016389,908-10_08_13_2021_16_38_21.xls,4:00 PM
5145,2021,Newark,Time_of_Day,CML258,Maize,908_11,908,11,A,JR,5/20/21,8/13/21,24.7333602,908-11_08_13_2021_09_35_35.xls,9:00 AM
5146,2021,Newark,Time_of_Day,CML258,Maize,908_11,908,11,A,JR,5/20/21,8/13/21,28.64993603,908-11_08_13_2021_16_39_17.xls,4:00 PM
5147,2021,Newark,Time_of_Day,CML258,Maize,908_12,908,12,A,JR,5/20/21,8/13/21,109.275329,908-12_08_13_2021_09_36_32.xls,9:00 AM
5148,2021,Newark,Time_of_Day,CML258,Maize,908_12,908,12,A,JR,5/20/21,8/13/21,116.134453,908-12_08_13_2021_16_40_03.xls,4:00 PM
5149,2021,Newark,Time_of_Day,CML258,Maize,908_13,908,13,A,JR,5/20/21,8/13/21,110.998295,908-13_08_13_2021_09_37_43.xls,9:00 AM
5150,2021,Newark,Time_of_Day,CML258,Maize,908_13,908,13,A,JR,5/20/21,8/13/21,89.04378,908-13_08_13_2021_16_40_53.xls,4:00 PM
5151,2021,Newark,Time_of_Day,CML258,Maize,908_14,908,14,A,JR,5/20/21,8/13/21,66.397623,908-14_08_13_2021_09_38_42.xls,9:00 AM
5152,2021,Newark,Time_of_Day,CML258,Maize,908_14,908,14,A,JR,5/20/21,8/13/21,87.3003515,908-14_08_13_2021_16_41_45.xls,4:00 PM
5153,2021,Newark,Time_of_Day,CML258,Maize,908_1,908,1,A,JR,5/20/21,8/13/21,103.253134,908-1_08_13_2021_09_25_26.xls,9:00 AM
5154,2021,Newark,Time_of_Day,CML258,Maize,908_1,908,1,A,JR,5/20/21,8/13/21,86.852217,908-1_08_13_2021_16_29_51.xls,4:00 PM
5155,2021,Newark,Time_of_Day,CML258,Maize,908_2,908,2,A,JR,5/20/21,8/13/21,118.538829,908-2_08_13_2021_09_26_26.xls,9:00 AM
5156,2021,Newark,Time_of_Day,CML258,Maize,908_2,908,2,A,JR,5/20/21,8/13/21,173.25016,908-2_08_13_2021_16_30_47.xls,4:00 PM
5157,2021,Newark,Time_of_Day,CML258,Maize,908_3,908,3,A,JR,5/20/21,8/13/21,84.337341,908-3_08_13_2021_09_27_33.xls,9:00 AM
5158,2021,Newark,Time_of_Day,CML258,Maize,908_3,908,3,A,JR,5/20/21,8/13/21,94.474602,908-3_08_13_2021_16_31_43.xls,4:00 PM
5159,2021,Newark,Time_of_Day,CML258,Maize,908_4,908,4,A,JR,5/20/21,8/13/21,44.551561,908-4_08_13_2021_09_28_25.xls,9:00 AM
5160,2021,Newark,Time_of_Day,CML258,Maize,908_4,908,4,A,JR,5/20/21,8/13/21,44.905567,908-4_08_13_2021_16_32_43.xls,4:00 PM
5161,2021,Newark,Time_of_Day,CML258,Maize,908_5,908,5,A,JR,5/20/21,8/13/21,101.921007,908-5_08_13_2021_09_29_28.xls,9:00 AM
5162,2021,Newark,Time_of_Day,CML258,Maize,908_5,908,5,A,JR,5/20/21,8/13/21,102.072431,908-5_08_13_2021_16_33_37.xls,4:00 PM
5163,2021,Newark,Time_of_Day,CML258,Maize,908_6,908,6,A,JR,5/20/21,8/13/21,27.139783,908-6_08_13_2021_09_30_24.xls,9:00 AM
5164,2021,Newark,Time_of_Day,CML258,Maize,908_6,908,6,A,JR,5/20/21,8/13/21,24.8827385,908-6_08_13_2021_16_34_23.xls,4:00 PM
5165,2021,Newark,Time_of_Day,CML258,Maize,908_7,908,7,A,JR,5/20/21,8/13/21,137.276595,908-7_08_13_2021_09_31_19.xls,9:00 AM
5166,2021,Newark,Time_of_Day,CML258,Maize,908_7,908,7,A,JR,5/20/21,8/13/21,152.807844,908-7_08_13_2021_16_35_15.xls,4:00 PM
5167,2021,Newark,Time_of_Day,CML258,Maize,908_8,908,8,A,JR,5/20/21,8/13/21,42.542116,908-8_08_13_2021_09_32_11.xls,9:00 AM
5168,2021,Newark,Time_of_Day,CML258,Maize,908_8,908,8,A,JR,5/20/21,8/13/21,52.519767,908-8_08_13_2021_16_36_14.xls,4:00 PM
5169,2021,Newark,Time_of_Day,CML258,Maize,908_9,908,9,A,JR,5/20/21,8/13/21,48.6195615,908-9_08_13_2021_09_33_25.xls,9:00 AM
5170,2021,Newark,Time_of_Day,CML258,Maize,908_9,908,9,A,JR,5/20/21,8/13/21,56.3258438,908-9_08_13_2021_16_37_14.xls,4:00 PM
5171,2021,Newark,Time_of_Day,CML258,Maize,908_10,908,10,A,JR,5/20/21,8/13/21,92.100919,908_10_08_13_2021_12_47_51.xls,12:00 PM
5172,2021,Newark,Time_of_Day,CML258,Maize,908_11,908,11,A,JR,5/20/21,8/13/21,18.2998627,908_11_08_13_2021_12_48_52.xls,12:00 PM
5173,2021,Newark,Time_of_Day,CML258,Maize,908_12,908,12,A,JR,5/20/21,8/13/21,116.390237,908_12_08_13_2021_12_49_53.xls,12:00 PM
5174,2021,Newark,Time_of_Day,CML258,Maize,908_13,908,13,A,JR,5/20/21,8/13/21,129.048512,908_13_08_13_2021_12_51_29.xls,12:00 PM
5175,2021,Newark,Time_of_Day,CML258,Maize,908_14,908,14,A,JR,5/20/21,8/13/21,85.0146591,908_14_08_13_2021_12_52_35.xls,12:00 PM
5176,2021,Newark,Time_of_Day,CML258,Maize,908_1,908,1,A,JR,5/20/21,8/13/21,135.1259571,908_1_08_13_2021_12_37_39.xls,12:00 PM
5177,2021,Newark,Time_of_Day,CML258,Maize,908_2,908,2,A,JR,5/20/21,8/13/21,165.132575,908_2_08_13_2021_12_38_52.xls,12:00 PM
5178,2021,Newark,Time_of_Day,CML258,Maize,908_3,908,3,A,JR,5/20/21,8/13/21,85.876142,908_3_08_13_2021_12_39_54.xls,12:00 PM
5179,2021,Newark,Time_of_Day,CML258,Maize,908_4,908,4,A,JR,5/20/21,8/13/21,51.1119279,908_4_08_13_2021_12_41_04.xls,12:00 PM
5180,2021,Newark,Time_of_Day,CML258,Maize,908_5,908,5,A,JR,5/20/21,8/13/21,104.116663,908_5_08_13_2021_12_42_09.xls,12:00 PM
5181,2021,Newark,Time_of_Day,CML258,Maize,908_6,908,6,A,JR,5/20/21,8/13/21,24.8172576,908_6_08_13_2021_12_43_09.xls,12:00 PM
5182,2021,Newark,Time_of_Day,CML258,Maize,908_7,908,7,A,JR,5/20/21,8/13/21,124.432109,908_7_08_13_2021_12_45_02.xls,12:00 PM
5183,2021,Newark,Time_of_Day,CML258,Maize,908_8,908,8,A,JR,5/20/21,8/13/21,44.7991607,908_8_08_13_2021_12_46_00.xls,12:00 PM
5184,2021,Newark,Time_of_Day,CML258,Maize,908_9,908,9,A,JR,5/20/21,8/13/21,51.8547267,908_9_08_13_2021_12_46_51.xls,12:00 PM
5185,2022,Newark,Density Study,LH82 x PHP02,Maize,91_3,91,3,A,Jr,5/23/22,9/15/22,118.568702,91_3_09_15_2022_15_05_50.xlsx,NA
5186,2022,Newark,Density Study,LH82 x PHP02,Maize,91_4,91,4,A,Jr,5/23/22,9/15/22,124.831705,91_4_09_15_2022_15_07_42.xlsx,NA
5187,2022,Newark,Density Study,LH82 x DK3IIH6,Maize,92_2,92,2,A,Jr,5/23/22,9/15/22,155.4881925,92_2_09_15_2022_15_09_35.xlsx,NA
5188,2022,Newark,Density Study,LH82 x DK3IIH6,Maize,92_4,92,4,A,Jr,5/23/22,9/15/22,104.500819,92_4_09_15_2022_15_11_17.xlsx,NA
5189,2022,Newark,Density Study,LH82 x PHP02,Maize,95_5,95,5,A,Jr,5/23/22,9/15/22,56.973858,95_5_09_15_2022_15_13_28.xlsx,NA
5190,2022,Newark,Density Study,LH82 x PHP02,Maize,95_6,95,6,A,Jr,5/23/22,9/15/22,59.741709,95_6_09_15_2022_15_14_51.xlsx,NA
5191,2022,Newark,Density Study,LH82 x DK3IIH6,Maize,96_10,96,10,A,Jr,5/23/22,9/15/22,59.898,96_10_09_15_2022_15_18_30.xlsx,NA
5192,2022,Newark,Density Study,LH82 x DK3IIH6,Maize,96_8,96,8,A,Jr,5/23/22,9/15/22,52.708112,96_8_09_15_2022_15_16_31.xlsx,NA
5243,2022,Newark,Density Study,LH82 x PHP02,Maize,99_10,99,10,A,Jr,5/23/22,9/15/22,51.38602,99_10_09_15_2022_13_43_04.xlsx,NA
5244,2022,Newark,Density Study,LH82 x PHP02,Maize,99_11,99,11,A,Jr,5/23/22,9/15/22,63.900237,99_11_09_15_2022_13_45_12.xlsx,NA
5397,2022,Newark,Time_of_Day,,Maize,R1_1,R1,1,A,Jr,5/23/22,9/1/22,105.230902,R1_1_09_01_2022_09_20_42.xlsx,9:00 AM
5398,2022,Newark,Time_of_Day,,Maize,R1_1,R1,1,A,Jr,5/23/22,9/1/22,85.048192,R1_1_4pm_09_01_2022_16_11_19.xlsx,4:00 PM
5399,2022,Newark,Time_of_Day,,Maize,R1_1,R1,1,A,Jr,5/23/22,9/1/22,77.900454,R1_1n_09_01_2022_12_14_04.xlsx,12:00 PM
5400,2022,Newark,Time_of_Day,,Maize,R1_2,R1,2,A,Jr,5/23/22,9/1/22,81.348921,R1_2_09_01_2022_09_22_20.xlsx,9:00 AM
5401,2022,Newark,Time_of_Day,,Maize,R1_2,R1,2,A,Jr,5/23/22,9/1/22,74.47183201,R1_2_4pm_09_01_2022_16_12_49.xlsx,4:00 PM
5402,2022,Newark,Time_of_Day,,Maize,R1_2,R1,2,A,Jr,5/23/22,9/1/22,73.806462,R1_2n_09_01_2022_12_15_52.xlsx,12:00 PM
5403,2022,Newark,Time_of_Day,,Maize,R1_3,R1,3,A,Jr,5/23/22,9/1/22,98.928186,R1_3_09_01_2022_09_23_51.xlsx,9:00 AM
5404,2022,Newark,Time_of_Day,,Maize,R1_3,R1,3,A,Jr,5/23/22,9/1/22,86.4272339,R1_3_4pm_09_01_2022_16_14_18.xlsx,4:00 PM
5405,2022,Newark,Time_of_Day,,Maize,R1_3,R1,3,A,Jr,5/23/22,9/1/22,83.331492,R1_3n_09_01_2022_12_17_34.xlsx,12:00 PM
5406,2022,Newark,Time_of_Day,,Maize,R1_4,R1,4,A,Jr,5/23/22,9/1/22,45.060308,R1_4_09_01_2022_09_25_33.xlsx,9:00 AM
5407,2022,Newark,Time_of_Day,,Maize,R1_4,R1,4,A,Jr,5/23/22,9/1/22,49.6181368,R1_4_4pm_09_01_2022_16_15_40.xlsx,4:00 PM
5408,2022,Newark,Time_of_Day,,Maize,R1_4,R1,4,A,Jr,5/23/22,9/1/22,35.663685,R1_4n_09_01_2022_12_20_07.xlsx,12:00 PM
5409,2022,Newark,Time_of_Day,,Maize,R2_1,R2,1,A,Jr,5/23/22,9/1/22,55.1262776,R2_1_09_01_2022_09_39_48.xlsx,9:00 AM
5410,2022,Newark,Time_of_Day,,Maize,R2_1,R2,1,A,Jr,5/23/22,9/1/22,61.7551369,R2_1_4pm_09_01_2022_16_28_15.xlsx,4:00 PM
5411,2022,Newark,Time_of_Day,,Maize,R2_1,R2,1,A,Jr,5/23/22,9/1/22,63.786765,R2_1n_09_01_2022_12_32_46.xlsx,12:00 PM
5412,2022,Newark,Time_of_Day,,Maize,R2_2,R2,2,A,Jr,5/23/22,9/1/22,108.49992,R2_2_09_01_2022_09_41_29.xlsx,9:00 AM
5413,2022,Newark,Time_of_Day,,Maize,R2_2,R2,2,A,Jr,5/23/22,9/1/22,102.096568,R2_2_4pm_09_01_2022_16_31_23.xlsx,4:00 PM
5414,2022,Newark,Time_of_Day,,Maize,R2_2,R2,2,A,Jr,5/23/22,9/1/22,85.567996,R2_2n_09_01_2022_12_34_20.xlsx,12:00 PM
5415,2022,Newark,Time_of_Day,,Maize,R2_3,R2,3,A,Jr,5/23/22,9/1/22,109.8456727,R2_3_09_01_2022_09_43_19.xlsx,9:00 AM
5416,2022,Newark,Time_of_Day,,Maize,R2_3,R2,3,A,Jr,5/23/22,9/1/22,113.2052447,R2_3_4pm_09_01_2022_16_33_10.xlsx,4:00 PM
5417,2022,Newark,Time_of_Day,,Maize,R2_3,R2,3,A,Jr,5/23/22,9/1/22,118.537118,R2_3n_09_01_2022_12_35_50.xlsx,12:00 PM
5418,2022,Newark,Time_of_Day,,Maize,R2_4,R2,4,A,Jr,5/23/22,9/1/22,134.420788,R2_4_09_01_2022_09_45_19.xlsx,9:00 AM
5419,2022,Newark,Time_of_Day,,Maize,R2_4,R2,4,A,Jr,5/23/22,9/1/22,112.924226,R2_4_4pm_09_01_2022_16_35_57.xlsx,4:00 PM
5420,2022,Newark,Time_of_Day,,Maize,R2_4,R2,4,A,Jr,5/23/22,9/1/22,111.126508,R2_4n_09_01_2022_12_40_21.xlsx,12:00 PM
